{
    "train_loss": [
        0.018066687086608513,
        0.01500154272910276,
        0.014304085011862538,
        0.013980842075464916,
        0.013782337399348159,
        0.013645008297785659,
        0.013541285977041795,
        0.013460264615486004,
        0.013393097859950154,
        0.013339130425014379,
        0.013290311661234663,
        0.01325043286282592,
        0.013214158134226418,
        0.013183312913391488,
        0.013152888947469325,
        0.01312873699913727,
        0.01310369573487826,
        0.013081743673312883,
        0.013061851080209932,
        0.013041724456599886
    ],
    "val_loss": [
        0.01580011276971726,
        0.014522976345486112,
        0.014131091889880952,
        0.013908265128968254,
        0.013768513997395834,
        0.013672117203000992,
        0.013600667317708334,
        0.01354399181547619,
        0.013497488839285714,
        0.013463822622147818,
        0.013433305044022818,
        0.01340787372891865,
        0.013388739691840278,
        0.013369605654761904,
        0.013354589068700396,
        0.013337877061631944,
        0.013330610971602182,
        0.013317774212549604,
        0.013308328295510912,
        0.013294522724454366
    ],
    "accuracy": [
        0.3975389251632346,
        0.47061778001004523,
        0.4977398292315419,
        0.517579105976896,
        0.5311401305876444,
        0.5381717729784028,
        0.542692114515319,
        0.5474635861376193,
        0.5517327975891512,
        0.5562531391260673,
        0.560271220492215,
        0.5615268709191361,
        0.56353591160221,
        0.5650426921145153,
        0.5652938221998995,
        0.5662983425414365,
        0.5688096433952787,
        0.5703164239075841,
        0.5708186840783526,
        0.5720743345052738
    ],
    "epoch_times": [
        29.287267446517944,
        29.027348279953003,
        29.249542236328125,
        29.040014505386353,
        29.036882638931274,
        29.255972623825073,
        29.31078338623047,
        29.20918917655945,
        29.024821758270264,
        29.049165725708008,
        28.989917039871216,
        29.05566096305847,
        29.145936250686646,
        29.156121492385864,
        29.047100067138672,
        29.187748193740845,
        29.14569854736328,
        29.1006977558136,
        29.139833450317383,
        29.07599973678589
    ]
}