{
    "train_loss": [
        2.3148461090275116,
        1.6153776016703412,
        1.4636488370368816,
        1.398629779464628,
        1.358780422093678,
        1.3306905828370639,
        1.3084112530105685,
        1.2899397399527894,
        1.274082956138564,
        1.2604853624215155,
        1.248558512494608,
        1.238079468896784,
        1.2287249886916458,
        1.2201946703202886,
        1.2124131091533263,
        1.2051436535419862,
        1.1985713748112778,
        1.1923542607781346,
        1.1865090680268644,
        1.1811490673229006
    ],
    "val_loss": [
        1.778291490342882,
        1.5246998620411707,
        1.4457177056206598,
        1.4068872360956102,
        1.386411394391741,
        1.3738325815352181,
        1.363982912093874,
        1.3567594497922868,
        1.3497149755084326,
        1.342926267593626,
        1.338621109250992,
        1.3349410768539187,
        1.3320525638640872,
        1.3296656532893105,
        1.3279874286954365,
        1.3253629169766865,
        1.3243437267485119,
        1.3230779738653273,
        1.3230862087673612,
        1.3223184252542162
    ],
    "accuracy": [
        0.5045203415369162,
        0.5748367654445002,
        0.5896534404821697,
        0.5974384731290808,
        0.5994475138121547,
        0.6017076845806127,
        0.6037167252636866,
        0.6059768960321447,
        0.6087393269713711,
        0.6102461074836766,
        0.610748367654445,
        0.6125062782521346,
        0.6117528879959819,
        0.6120040180813662,
        0.6120040180813662,
        0.613008538422903,
        0.6142641888498243,
        0.613008538422903,
        0.6127574083375188,
        0.6109994977398292
    ],
    "epoch_times": [
        217.8740463256836,
        217.35114336013794,
        216.60967993736267,
        217.2403426170349,
        216.6178297996521,
        217.8573408126831,
        216.33312559127808,
        216.66328859329224,
        216.3472716808319,
        216.76595830917358,
        217.51229763031006,
        216.76213574409485,
        216.69014143943787,
        1844.8821935653687,
        1831.5148267745972,
        1847.0502002239227,
        1942.4046230316162,
        1851.8391120433807,
        1847.2915256023407,
        1847.920491695404
    ]
}