{
    "train_loss": [
        2.3160021261203507,
        1.6157506462986484,
        1.463536970454491,
        1.3984281855858176,
        1.3589918452537864,
        1.3304251922420198,
        1.3084012365048647,
        1.2898941040039062,
        1.2741069676685919,
        1.2604486196319018,
        1.248557716790884,
        1.2382900495470668,
        1.2287360349315808,
        1.2202416636461129,
        1.2124090838286044,
        1.205304713336968,
        1.1985704386892495,
        1.192368723863473,
        1.1864471435546875,
        1.1810767987023103
    ],
    "val_loss": [
        1.7762705485026042,
        1.5232614184182787,
        1.445680890764509,
        1.4068528432694694,
        1.3849702865358382,
        1.3740357898530506,
        1.365110851469494,
        1.3565637497674852,
        1.3496939038473463,
        1.3430086166139632,
        1.3379293774801588,
        1.3353649321056547,
        1.3321407257564484,
        1.3289378332713293,
        1.3269701760912698,
        1.3256487165178572,
        1.3252415732731895,
        1.3232991052052332,
        1.3239603193979415,
        1.321686275421627
    ],
    "accuracy": [
        0.5040180813661477,
        0.574585635359116,
        0.5889000502260171,
        0.5959316926167755,
        0.5984429934706178,
        0.6017076845806127,
        0.6032144650929181,
        0.6062280261175289,
        0.6079859367152185,
        0.6099949773982923,
        0.610748367654445,
        0.6122551481667504,
        0.6117528879959819,
        0.6122551481667504,
        0.6117528879959819,
        0.6127574083375188,
        0.6142641888498243,
        0.61401305876444,
        0.6122551481667504,
        0.6117528879959819
    ],
    "epoch_times": [
        209.81543016433716,
        209.631422996521,
        209.84660387039185,
        210.51858520507812,
        209.01956367492676,
        209.5710735321045,
        209.4904704093933,
        209.66471457481384,
        210.1294116973877,
        209.98419451713562,
        210.6632845401764,
        210.03560400009155,
        210.38298082351685,
        209.93670320510864,
        210.03662872314453,
        210.30915760993958,
        209.91932845115662,
        209.93123030662537,
        210.05524444580078,
        209.72285199165344
    ]
}