{
    "train_loss": [
        0.01800574554256135,
        0.014998406720307706,
        0.014302868053225651,
        0.013980327208349309,
        0.013781307665116947,
        0.013644680655075729,
        0.013540303048912001,
        0.013458720014139187,
        0.013393425502660084,
        0.01333978571043424,
        0.013292137099189992,
        0.013250666893333013,
        0.013214392164733512,
        0.01318251720966737,
        0.013153731457294862,
        0.01312766045880464,
        0.013104210601993864,
        0.01308118200009586,
        0.013061336213094325,
        0.013043503088453796
    ],
    "val_loss": [
        0.015756758432539684,
        0.014522976345486112,
        0.014133029513888888,
        0.01390656970796131,
        0.013771178230406746,
        0.013669695172991072,
        0.01359800308469742,
        0.013542538597470238,
        0.013500153072296626,
        0.013461158389136904,
        0.013435727074032738,
        0.013409326946924604,
        0.01339358375186012,
        0.01337033226376488,
        0.013355557880704366,
        0.013341510106646826,
        0.013326493520585318,
        0.013315594385540674,
        0.013307843889508928,
        0.013299608987475198
    ],
    "accuracy": [
        0.39578101456554493,
        0.470366649924661,
        0.4972375690607735,
        0.5173279758915118,
        0.5313912606730287,
        0.5401808136614766,
        0.5429432446007032,
        0.5487192365645405,
        0.5527373179306881,
        0.5554997488699146,
        0.5585133098945254,
        0.5615268709191361,
        0.5640381717729784,
        0.5668006027122049,
        0.5683073832245102,
        0.5693119035660472,
        0.5695630336514315,
        0.5703164239075841,
        0.5720743345052738,
        0.5718232044198895
    ],
    "epoch_times": [
        30.47740602493286,
        31.2623028755188,
        29.670692920684814,
        30.708751678466797,
        30.633078575134277,
        30.694681882858276,
        30.705978631973267,
        30.65061354637146,
        30.60953640937805,
        30.62948989868164,
        30.654285669326782,
        31.369547128677368,
        30.74980878829956,
        30.677343130111694,
        30.661026000976562,
        29.196221828460693,
        30.017524242401123,
        29.115403175354004,
        30.725177526474,
        30.793217420578003
    ]
}