{"train_loss": [2.3186290717563747], "val_loss": [1.7783055381169395], "accuracy": [0.5032646911099949], "epoch_times": [76.69501495361328]}