{"train_loss": [0.018019720257768417, 0.014985795589906672, 0.014290782674415711, 0.013972524019312456, 0.013775638467489392, 0.013638543584983957, 0.013535791111001573, 0.013454915170037857, 0.013388991947257263, 0.01333381883811457, 0.01328668937635568, 0.0132457711305355, 0.013209773484686035, 0.013177757080004442, 0.01314901938501951, 0.013123023038032961, 0.013099348158261345, 0.013077661989291021, 0.013057696061677362, 0.01303923125464492], "val_loss": [0.015771541744470596, 0.014521007426083088, 0.014129948802292347, 0.013910386711359024, 0.013771637342870235, 0.01367467176169157, 0.013603086583316326, 0.013548004440963268, 0.013504267670214176, 0.013468672521412373, 0.013439123518764973, 0.013414190150797367, 0.013392865657806396, 0.013374418020248413, 0.013358303345739841, 0.013344109989702702, 0.013331517577171326, 0.013320274651050568, 0.013310182839632034, 0.013301081955432892], "accuracy": [0.3917629331993973, 0.47438473129080866, 0.4989954796584631, 0.5168257157207433, 0.5303867403314917, 0.5374183827222502, 0.5419387242591662, 0.5464590657960824, 0.5514816675037669, 0.5552486187845304, 0.5585133098945254, 0.5610246107483676, 0.5620291310899046, 0.5645404319437468, 0.5650426921145153, 0.5660472124560523, 0.5678051230537419, 0.5700652938222, 0.571320944249121, 0.5725765946760422], "epoch_times": [0.13559889793395996, 0.04239916801452637, 0.041841745376586914, 0.040374040603637695, 0.03966498374938965, 0.04021406173706055, 0.03951716423034668, 0.04114985466003418, 0.04080510139465332, 0.04006314277648926, 0.03942227363586426, 0.040332794189453125, 0.041229963302612305, 0.04262208938598633, 0.039531707763671875, 0.03927302360534668, 0.04123187065124512, 0.04028797149658203, 0.03946089744567871, 0.03945302963256836]}