{"train_loss": [2.3005400592564076, 1.594876223180923, 1.4413264413918454, 1.375858493377826, 1.3355916330785107, 1.3067745672413176, 1.2841292243062352, 1.265241642853965, 1.2491531662780082, 1.2353334986359064, 1.2233192284414374, 1.2127139017991493, 1.203214754356197, 1.1946012608112733, 1.186712015991562, 1.1794265420890293, 1.1726531686227015, 1.1663212059465653, 1.1603748995833603, 1.1547696222922554], "val_loss": [1.7617754936218262, 1.5056650638580322, 1.426681637763977, 1.3876237869262695, 1.366726040840149, 1.354432225227356, 1.3444275856018066, 1.335378885269165, 1.3276504278182983, 1.3214627504348755, 1.3166403770446777, 1.3128893375396729, 1.3099489212036133, 1.3076163530349731, 1.3057374954223633, 1.3041974306106567, 1.3029087781906128, 1.301808476448059, 1.300850749015808, 1.3000035285949707], "accuracy": [0.5027624309392266, 0.5750878955298845, 0.5891511803114013, 0.595429432446007, 0.5969362129583125, 0.6012054244098443, 0.6034655951783023, 0.6064791562029131, 0.6087393269713711, 0.6099949773982923, 0.6115017579105977, 0.6122551481667504, 0.6125062782521346, 0.6120040180813662, 0.6132596685082873, 0.6125062782521346, 0.6132596685082873, 0.6122551481667504, 0.6115017579105977, 0.6117528879959819], "epoch_times": [0.09190106391906738, 0.10278201103210449, 0.059682607650756836, 0.060894012451171875, 0.05707430839538574, 0.0585169792175293, 0.056697845458984375, 0.05702495574951172, 0.056643009185791016, 0.057353973388671875, 0.061779022216796875, 0.05959606170654297, 0.057971954345703125, 0.05836987495422363, 0.05752825736999512, 0.0568850040435791, 0.058129072189331055, 0.05647993087768555, 0.057893991470336914, 0.0562288761138916]}