{"train_loss": [1.0608450156695302], "val_loss": [1.062823213071105], "val_accuracy": [0.25213460572576596], "batch_times": [29.75780200958252, 28.726190090179443, 28.67864203453064, 28.705790996551514, 28.710802793502808, 29.543154001235962, 29.48920512199402, 29.783833026885986, 29.423567056655884, 29.901192903518677, 29.5049991607666, 29.134376049041748, 29.271023988723755, 29.145217180252075, 32.251179933547974, 29.649276971817017, 30.07545304298401, 29.221297025680542, 29.54319405555725, 29.43799591064453, 29.39869213104248, 29.4459810256958, 29.767514944076538, 28.760934114456177, 30.321266889572144, 28.67503070831299, 28.580076932907104, 28.865429878234863, 28.582664012908936, 28.869469165802002, 28.647255897521973, 28.635719060897827, 28.767985105514526, 28.600224018096924, 28.62772798538208, 28.67117214202881, 28.594202995300293, 28.644464015960693, 28.592731952667236, 28.57603693008423, 28.59315514564514, 28.579399824142456, 28.83906579017639, 28.573594093322754, 28.598182916641235, 28.651975870132446, 28.634865045547485, 28.700137853622437, 28.66044783592224, 28.579380989074707, 28.730369091033936, 28.818222999572754, 28.82342791557312, 28.631815910339355, 28.57853412628174, 28.617502212524414, 28.68594002723694, 28.60588502883911, 28.88950228691101, 28.859030961990356, 70.85072207450867, 116.462730884552, 131.48518300056458, 174.95738315582275, 116.55530023574829, 109.11252880096436, 133.7891137599945, 110.7184739112854, 176.15203309059143, 123.53923201560974, 123.77686500549316, 130.42535018920898, 125.55423593521118, 43.33959484100342, 30.705232858657837, 31.179154872894287, 30.799878120422363, 30.552081823349, 30.296367645263672, 28.9219388961792, 28.859251022338867, 29.14153790473938, 29.80545973777771, 30.14063787460327, 30.01152205467224, 29.233826637268066, 30.0545871257782, 29.82157588005066, 28.67452883720398, 28.6505708694458, 28.657697916030884, 28.656932830810547, 28.584572076797485, 28.973807096481323, 28.623157024383545, 28.696337938308716, 28.643303871154785, 28.583400011062622, 28.60077714920044, 28.585181951522827, 28.604671001434326, 28.727869033813477, 28.606436014175415, 28.64447784423828, 28.610602140426636, 28.85909676551819, 28.90704107284546, 28.668816089630127, 28.60338592529297, 28.58142399787903, 28.792814016342163, 28.57713294029236, 28.59723711013794, 28.583271980285645, 28.754619121551514, 28.578253746032715, 28.648354053497314, 28.62688684463501, 28.650025129318237, 28.57955002784729, 28.770742893218994, 28.58954167366028, 28.57818293571472, 28.599915027618408, 28.836506843566895, 181.97457218170166, 129.14766788482666, 117.76602721214294, 118.41126203536987, 117.12962293624878, 168.12549304962158, 110.13526010513306, 123.05593299865723, 94.67104816436768, 30.86677622795105, 29.322096824645996, 29.944366693496704, 29.015947818756104, 29.238719940185547, 70.21435189247131, 178.43657803535461, 123.18499302864075, 130.52684473991394, 106.14434099197388, 181.02593302726746, 124.15357398986816, 124.7822630405426, 114.09556293487549, 107.3957531452179, 162.67732572555542, 121.81389498710632, 123.42132687568665, 120.1586401462555, 123.3039059638977, 173.64830088615417, 113.23813700675964, 121.08572196960449, 113.2815809249878, 170.16230607032776, 112.2428629398346, 111.83421611785889, 123.60039710998535, 168.17871379852295, 120.61799383163452, 110.77998208999634, 128.83984899520874, 120.61125707626343, 173.16421604156494, 116.96489596366882, 123.95887899398804, 113.56559610366821, 167.32464790344238, 115.42918515205383, 106.66807699203491, 124.13251399993896, 127.36420202255249, 173.79675793647766, 114.7955629825592, 137.78929781913757, 119.49389815330505, 128.18375205993652, 165.36592411994934, 123.03871703147888, 122.5229971408844, 126.5153660774231, 178.13985896110535, 120.34109210968018, 121.20897674560547, 125.7300877571106, 131.84137797355652, 176.76833295822144, 132.3809609413147, 113.13490796089172, 118.1375617980957, 137.0368309020996, 118.83418607711792, 163.29295706748962, 112.97924995422363, 119.49265694618225, 190.71887302398682, 116.65082502365112, 111.93418788909912, 127.01200485229492, 131.27158403396606, 115.63884210586548, 155.75032687187195, 131.78766989707947, 114.72073602676392, 109.90737986564636, 113.2733039855957, 173.38050198554993, 108.53177070617676, 124.63336205482483, 125.76474404335022, 158.73023056983948, 129.82746696472168, 113.08053493499756, 124.57167959213257, 126.39955520629883, 160.73905301094055, 126.88166284561157, 114.40567398071289, 109.16943597793579, 175.00343489646912, 131.72831797599792, 131.25248622894287, 107.35198092460632, 110.80573678016663, 178.14340496063232, 28.364218950271606, 78.39783978462219, 163.72335004806519, 128.73691296577454, 120.46034717559814, 112.40538907051086, 138.8725187778473, 122.51179385185242, 175.78882002830505, 136.3858721256256, 127.4403657913208, 126.57986903190613, 165.15984392166138, 120.77130007743835, 130.82519102096558, 124.16247510910034, 131.55263590812683, 180.8690812587738, 116.4066550731659, 116.57563877105713, 108.2924451828003, 118.55741906166077, 117.37891602516174, 110.17605781555176, 160.13022899627686, 126.79568600654602, 124.47526621818542, 120.15704798698425, 119.48420977592468, 167.16021490097046, 132.65076994895935, 115.69828677177429, 120.50692820549011, 113.03080224990845, 166.90158915519714, 130.32562494277954, 120.60543394088745, 125.42119407653809, 162.17040276527405, 123.98949718475342, 115.6620819568634, 118.52419900894165, 128.71173787117004, 167.169193983078, 105.40473222732544, 85.26201486587524, 28.431291103363037, 80.08313202857971, 74.48671102523804, 28.366508722305298, 82.42046904563904, 28.316217184066772, 73.93187594413757, 67.90938210487366, 28.412634134292603, 80.52386474609375, 73.46867609024048, 28.450932025909424, 79.47159695625305, 28.381359815597534, 69.12623906135559, 28.920708179473877, 28.6225688457489, 28.59874200820923, 28.581599950790405, 28.567703008651733, 28.715126037597656, 28.569565773010254, 28.5938720703125, 28.825746297836304, 28.61420178413391, 28.70393180847168, 28.574270009994507, 28.770631790161133, 28.57588815689087, 28.55405068397522, 28.561570167541504, 28.700780630111694, 28.58544611930847, 28.74360990524292, 28.568876028060913, 28.587833881378174, 28.755202054977417, 28.55898094177246, 28.74077010154724, 28.550368070602417, 28.600226163864136, 28.557027101516724, 28.56856107711792, 28.58609676361084, 28.816903829574585, 28.59859609603882, 31.172586917877197, 29.29901623725891, 28.696078062057495, 74.72180795669556, 28.92328429222107, 13.857698202133179]}