{"train_loss": [0.013153666212984938], "val_loss": 0.013370691243041235, "val_accuracy": 0.571320944249121, "batch_times": [31.84203600883484, 31.390058994293213, 31.920280933380127, 31.306344985961914, 31.66534996032715, 31.29132604598999, 32.52542686462402, 32.47205305099487, 32.24290204048157, 32.56956505775452, 34.18151497840881, 31.693995714187622, 32.863906145095825, 32.0369188785553, 30.34268093109131, 30.443657875061035, 78.96071290969849, 72.8421630859375, 91.23921489715576, 29.614713191986084, 79.1614019870758, 69.30796432495117, 29.54877018928528, 74.02323722839355, 82.7385311126709, 34.406476736068726, 31.94361662864685, 31.79288387298584, 32.333919048309326, 31.403674840927124, 31.505948781967163, 30.73424983024597, 30.830955028533936, 31.23300790786743, 33.97168684005737, 31.55040216445923, 30.968476057052612, 31.53305196762085, 32.6531720161438, 32.678850173950195, 31.197516202926636, 32.00050497055054, 31.170490026474, 32.635966062545776, 34.09941291809082, 31.1239812374115, 33.81195521354675, 31.169939041137695, 32.47386026382446, 33.24272704124451, 30.33636212348938, 32.487802267074585, 31.60830807685852, 31.759773015975952, 32.22024083137512, 31.226521015167236, 49.25499391555786, 32.35005497932434, 33.361401081085205, 30.46357822418213, 30.39769172668457, 30.4441499710083, 36.638628244400024, 36.567342042922974, 30.420727014541626, 32.82629704475403, 33.95031690597534, 32.05028295516968, 30.33492612838745, 30.869997024536133, 31.107365131378174, 30.927032947540283, 30.5539870262146, 30.856552124023438, 29.997164011001587, 29.933949947357178, 30.231772899627686, 29.833401918411255, 30.011620044708252, 29.89399290084839, 29.95339322090149, 29.905520915985107, 30.17682981491089, 30.001458883285522, 29.84105610847473, 29.993243932724, 30.20270013809204, 29.821794033050537, 29.882855892181396, 29.83548903465271, 29.96092200279236, 29.848705053329468, 30.043977975845337, 29.86213994026184, 29.75219702720642, 29.932651042938232, 29.973931074142456, 29.731721878051758, 34.30069899559021, 33.51312279701233, 30.305124044418335, 30.37551784515381, 30.208534955978394, 30.0678231716156, 30.750262022018433, 29.880534172058105, 30.060461044311523, 29.790557861328125, 29.969676733016968, 29.759017944335938, 31.607300996780396, 31.494829177856445, 31.800780057907104, 31.338575839996338, 30.59831213951111, 31.243391036987305, 31.330817222595215, 31.009755849838257, 32.83404278755188, 31.75067687034607, 34.490046977996826, 31.315749883651733, 31.444020986557007, 30.8451247215271, 30.92931580543518, 30.676808834075928, 30.931376934051514, 31.105834007263184, 31.01410484313965, 30.709848880767822, 31.023103952407837, 30.97779369354248, 30.732810974121094, 30.760815858840942, 30.950403928756714, 30.886514902114868, 30.91025996208191, 30.93172788619995, 30.987171173095703, 30.958773851394653, 30.98107409477234, 31.96624994277954, 31.76817011833191, 31.133952140808105, 30.993880033493042, 30.902897834777832, 30.921047687530518, 30.934693098068237, 31.078375339508057, 31.048742294311523, 31.086899757385254, 30.93487310409546, 30.867974042892456, 30.972563982009888, 30.90559411048889, 31.020312786102295, 30.967831134796143, 31.10909080505371, 31.012500047683716, 31.162012100219727, 31.341940879821777, 31.26529097557068, 31.043039083480835, 31.098056077957153, 31.03762197494507, 30.957020044326782, 31.02587914466858, 31.15696883201599, 31.228869199752808, 31.14425492286682, 31.3992760181427, 31.207606077194214, 31.31511092185974, 31.100938081741333, 31.114353895187378, 30.954455137252808, 31.006980180740356, 31.05514883995056, 31.150455951690674, 31.08488392829895, 31.06446409225464, 30.9050030708313, 31.010305166244507, 30.922663927078247, 31.15519905090332, 31.091747045516968, 31.219311952590942, 31.329439878463745, 31.09437608718872, 31.148924112319946, 31.290773153305054, 31.134211778640747, 31.23639988899231, 30.999545097351074, 31.05658197402954, 31.27437996864319, 31.22477412223816, 31.177335023880005, 31.235816955566406, 32.14984703063965, 31.325851917266846, 32.27798509597778, 31.47739601135254, 31.218306064605713, 31.177385091781616, 31.215312957763672, 31.25766396522522, 31.3683979511261, 31.32702612876892, 31.285120964050293, 31.006991863250732, 31.144449949264526, 31.082005977630615, 31.104684591293335, 31.197400093078613, 31.11704969406128, 31.161491870880127, 31.21885323524475, 31.36008095741272, 31.156776905059814, 31.26966881752014, 31.19172501564026, 31.091246843338013, 31.01329517364502, 30.925209045410156, 31.33062195777893, 31.739434957504272, 31.427989959716797, 31.23998498916626, 31.075166940689087, 31.33083176612854, 31.248755931854248, 31.290478944778442, 31.258978128433228, 31.022228002548218, 31.222412109375, 31.010497093200684, 31.297991037368774, 31.08907198905945, 31.099048852920532, 31.169762134552002, 31.069801807403564, 32.07960391044617, 32.172152042388916, 31.254819869995117, 31.333163022994995, 31.3556010723114, 31.277544021606445, 32.45229482650757, 31.290009021759033, 31.28349494934082, 31.113191843032837, 31.05255913734436, 31.24398899078369, 31.26818084716797, 31.28775691986084, 31.0201518535614, 30.854127168655396, 30.769227743148804, 30.958456993103027, 31.082579851150513, 30.990010261535645, 30.89850091934204, 30.96838617324829, 30.852959871292114, 30.78339910507202, 31.073108911514282, 30.88847303390503, 30.713594913482666, 30.000396728515625, 30.158143043518066, 29.91600513458252, 30.074585914611816, 29.90079379081726, 30.150374174118042, 30.031296968460083, 30.08038830757141, 29.995802879333496, 29.924259901046753, 30.046699047088623, 29.930089950561523, 29.94806480407715, 30.011960983276367, 29.958452939987183, 29.898899793624878, 30.42809796333313, 30.30316185951233, 30.78792905807495, 30.6475350856781, 30.78352379798889, 30.752732753753662, 30.793251752853394, 31.01884889602661, 30.97051191329956, 31.085031747817993, 31.170535802841187, 30.895610094070435, 30.63720202445984, 30.58617377281189, 30.553128957748413, 30.58749485015869, 30.549865245819092, 30.635000228881836, 30.51330876350403, 30.598397970199585, 30.68930411338806, 30.685980081558228, 30.610728979110718, 30.656880140304565, 30.585268020629883, 30.424751043319702, 30.432790994644165, 30.57711696624756, 30.40276002883911, 30.642383098602295, 30.5560142993927, 30.55939292907715, 30.590753078460693, 30.656157970428467, 30.607917070388794, 30.55209970474243, 30.616542100906372, 30.678133964538574, 30.63756012916565, 30.582891941070557, 30.929739952087402, 14.925455093383789]}