{"train_loss": [0.012907515366064872], "val_loss": 0.013243634694465737, "val_accuracy": 0.5881466599698644, "batch_times": [30.528929948806763, 30.70628833770752, 30.573124170303345, 30.644991874694824, 30.303252935409546, 30.29455876350403, 30.44818878173828, 30.569581985473633, 30.451448917388916, 30.719032764434814, 30.407703161239624, 30.84075403213501, 30.526625871658325, 30.635432958602905, 30.45107626914978, 30.445631980895996, 30.455135107040405, 30.94995379447937, 30.471410036087036, 30.595403909683228, 30.481656074523926, 30.549887895584106, 30.687183141708374, 30.49441695213318, 30.71104383468628, 30.327273845672607, 30.458910942077637, 30.4581561088562, 30.466235876083374, 30.53492307662964, 30.389315843582153, 30.45384120941162, 30.57855796813965, 30.565904140472412, 30.530395984649658, 30.44118595123291, 30.444545030593872, 30.390265941619873, 30.57846689224243, 30.40717387199402, 30.570215940475464, 30.57358407974243, 30.58992099761963, 30.658022165298462, 30.602200984954834, 30.520890951156616, 30.560836791992188, 30.55852198600769, 30.547981023788452, 30.766295909881592, 30.865907907485962, 30.466755151748657, 30.655426740646362, 30.567594051361084, 30.39720892906189, 30.572612047195435, 30.381908178329468, 30.452461004257202, 30.514224767684937, 30.257224082946777, 30.692465782165527, 30.378758907318115, 30.64826512336731, 30.309709072113037, 30.563841104507446, 30.327560901641846, 30.426018953323364, 30.397486209869385, 30.829326152801514, 30.465424060821533, 30.62691569328308, 30.349027156829834, 30.523669004440308, 30.29524517059326, 30.469325065612793, 30.356092929840088, 30.441070079803467, 30.18224310874939, 30.66333794593811, 30.261619806289673, 30.50025486946106, 30.586634159088135, 30.443751335144043, 30.6908221244812, 30.424943923950195, 30.470064878463745, 30.257422924041748, 30.5856990814209, 30.4632351398468, 30.313970804214478, 30.219128847122192, 30.21941900253296, 30.093415021896362, 30.22170901298523, 30.071858882904053, 30.030245780944824, 30.119560956954956, 34.50194001197815, 32.762717962265015, 31.213337898254395, 31.338231086730957, 31.130159854888916, 31.307045221328735, 31.1263530254364, 31.111793041229248, 31.94601011276245, 32.93396973609924, 31.46551203727722, 31.216026067733765, 31.24870991706848, 31.268725872039795, 31.281602144241333, 31.15529179573059, 31.38457489013672, 31.23162293434143, 31.32631778717041, 31.309969902038574, 31.428981065750122, 31.141382932662964, 31.297959089279175, 31.21048617362976, 31.360849857330322, 31.376482009887695, 31.26942729949951, 31.338186979293823, 31.263735055923462, 31.472035884857178, 31.29331398010254, 31.471336364746094, 31.320743083953857, 31.40901803970337, 31.276246070861816, 31.19697093963623, 31.26149582862854, 31.198451042175293, 31.207808017730713, 31.27246904373169, 31.150864839553833, 31.388046979904175, 31.04733419418335, 31.33584189414978, 31.26923418045044, 31.26968026161194, 32.74107766151428, 32.503474950790405, 31.57725214958191, 31.299558877944946, 31.555543899536133, 31.18331527709961, 31.600272178649902, 31.33511781692505, 31.62619686126709, 31.34800910949707, 31.39181089401245, 31.481523036956787, 31.40274977684021, 31.271512985229492, 31.388163089752197, 31.227927923202515, 31.291821002960205, 31.373183965682983, 31.223174810409546, 31.267916917800903, 31.413522005081177, 31.356628894805908, 31.1488778591156, 31.23331904411316, 32.06967616081238, 32.28471088409424, 31.45636820793152, 31.260277032852173, 31.30514097213745, 31.25294589996338, 31.27902603149414, 31.46678376197815, 31.28150701522827, 31.291007041931152, 31.384307861328125, 31.238001823425293, 31.342589855194092, 31.174857139587402, 31.281908988952637, 31.250969886779785, 31.2328097820282, 31.3772292137146, 31.27157998085022, 31.34638214111328, 31.167708158493042, 31.452932119369507, 31.37713098526001, 31.464100122451782, 31.28827404975891, 31.321189880371094, 31.262687921524048, 31.276593923568726, 31.411669731140137, 31.216031074523926, 31.32637119293213, 31.404847860336304, 31.347364902496338, 31.33750605583191, 31.32721781730652, 31.27270007133484, 31.28914523124695, 31.32745599746704, 31.469802141189575, 31.327516794204712, 31.447158098220825, 31.500930070877075, 31.4899640083313, 31.364821672439575, 31.31129813194275, 31.349438190460205, 31.4189350605011, 31.41665005683899, 31.213798999786377, 31.156870126724243, 30.998503923416138, 31.112329959869385, 31.148108959197998, 30.93109703063965, 30.94093894958496, 31.156368017196655, 31.06132984161377, 31.097877025604248, 31.224889039993286, 32.22266912460327, 33.975752115249634, 31.40563726425171, 31.446420907974243, 31.43588089942932, 31.53352689743042, 31.490309953689575, 38.37020397186279, 32.65705490112305, 31.19582223892212, 32.80613708496094, 32.13641905784607, 30.9099440574646, 30.780385971069336, 30.70838212966919, 30.896899223327637, 31.026636123657227, 33.06270384788513, 37.04321789741516, 32.5199408531189, 33.511857986450195, 31.417296886444092, 32.582228899002075, 30.27938413619995, 30.46735906600952, 37.593154191970825, 34.700042963027954, 34.688430070877075, 32.70716166496277, 32.76797914505005, 33.84063911437988, 34.11587619781494, 35.38772988319397, 33.431090116500854, 30.80923819541931, 32.54862833023071, 31.92177724838257, 32.14497923851013, 31.596540212631226, 39.33010697364807, 34.75084209442139, 32.26676106452942, 32.50906014442444, 31.692147970199585, 31.684118032455444, 33.01769685745239, 34.76734209060669, 31.283270120620728, 32.160685777664185, 32.185851097106934, 31.514074087142944, 33.35994505882263, 31.009654760360718, 33.999173164367676, 31.92972230911255, 30.84357190132141, 31.010401964187622, 49.01950693130493, 30.899763107299805, 30.931365728378296, 32.81919622421265, 31.70672583580017, 31.801098823547363, 31.0864360332489, 32.094451904296875, 31.650091886520386, 33.05904984474182, 33.263278007507324, 30.522192239761353, 30.551108837127686, 30.348943948745728, 36.11006307601929, 33.112913846969604, 33.2314932346344, 32.40840697288513, 33.014564990997314, 31.73183822631836, 30.27622389793396, 30.18583917617798, 30.9083309173584, 31.177272081375122, 31.863685846328735, 31.867193937301636, 32.86410975456238, 31.72441291809082, 31.495015144348145, 31.490617990493774, 31.613656759262085, 33.519039154052734, 32.238147258758545, 34.17570209503174, 31.30600905418396, 32.44268608093262, 31.330219984054565, 30.6862690448761, 33.41942811012268, 34.073180198669434, 30.272111892700195, 29.952428102493286, 79.16032409667969, 16.154699087142944]}