{"train_loss": [0.016891942806614893], "val_loss": 0.014759769828957164, "val_accuracy": 0.5070316423907584, "batch_times": [30.753463745117188, 29.651269912719727, 29.759747982025146, 29.476465225219727, 29.442288160324097, 29.52619981765747, 29.445810794830322, 29.48149609565735, 29.42039132118225, 29.593287229537964, 29.520190954208374, 29.898542165756226, 29.48992896080017, 29.462028980255127, 29.591259241104126, 29.747923851013184, 29.699440717697144, 30.069786071777344, 29.477612018585205, 29.478989124298096, 30.133159160614014, 30.66653800010681, 29.536213874816895, 29.445190906524658, 29.43656277656555, 29.52344512939453, 31.705284118652344, 29.499356031417847, 29.376917839050293, 29.35624885559082, 29.73249316215515, 29.645421981811523, 29.39954900741577, 29.68010187149048, 29.393712759017944, 29.458129167556763, 29.51797080039978, 29.5190589427948, 29.569063901901245, 29.49433398246765, 29.60564398765564, 29.509649991989136, 29.621354818344116, 29.461899042129517, 29.48791193962097, 29.589135885238647, 29.502590894699097, 29.589116096496582, 29.67335605621338, 29.553508758544922, 29.74498724937439, 29.75425696372986, 29.85213327407837, 29.62428903579712, 29.485001802444458, 29.707025051116943, 29.74552297592163, 29.509520292282104, 29.602920293807983, 29.588698148727417, 29.51644992828369, 29.501183032989502, 29.6779887676239, 29.618664026260376, 29.524741888046265, 29.54254388809204, 29.737419843673706, 29.832367181777954, 29.812323093414307, 29.652623176574707, 29.710115671157837, 29.629754781723022, 29.635446071624756, 29.556092977523804, 29.539479732513428, 29.65881323814392, 30.354866981506348, 31.245206117630005, 29.62649917602539, 29.616915941238403, 29.73256206512451, 29.471043825149536, 29.56452989578247, 29.55147409439087, 29.800525188446045, 29.45959973335266, 29.56898784637451, 29.667743921279907, 29.6040198802948, 29.509955883026123, 29.54290008544922, 29.80551290512085, 29.609049081802368, 29.47579002380371, 29.549546003341675, 29.586817026138306, 29.519562005996704, 30.141671895980835, 32.68715000152588, 30.766961097717285, 30.984619140625, 30.070203065872192, 29.839977979660034, 30.142176151275635, 31.811258792877197, 33.17247295379639, 33.892857789993286, 31.36053705215454, 31.038651943206787, 30.69872498512268, 31.362047910690308, 30.12653422355652, 69.5680820941925, 108.42716193199158, 81.33511304855347, 29.617618083953857, 48.63347887992859, 29.56951093673706, 79.62253212928772, 75.10486674308777, 29.506075859069824, 84.78153705596924, 77.35937595367432, 29.61294388771057, 78.10511207580566, 76.49724316596985, 29.66507124900818, 79.8077929019928, 29.601299047470093, 75.81660890579224, 29.526623964309692, 29.54199504852295, 32.100831031799316, 83.30795812606812, 29.65837788581848, 29.514573097229004, 29.51372003555298, 86.5074257850647, 79.04223990440369, 29.61732792854309, 76.86904501914978, 83.46461701393127, 29.663341999053955, 75.85642600059509, 29.529868841171265, 83.63836908340454, 71.91938090324402, 29.5570969581604, 70.51338005065918, 78.044842004776, 29.544646739959717, 81.77772092819214, 29.589486122131348, 30.144184112548828, 30.481258153915405, 30.823466062545776, 31.620762825012207, 31.66428017616272, 31.695730209350586, 32.07624912261963, 32.45430302619934, 32.2828950881958, 32.198342084884644, 32.25072479248047, 31.842931985855103, 31.850226879119873, 32.72947883605957, 32.28858232498169, 32.417726039886475, 32.20472311973572, 32.29800224304199, 32.83774995803833, 31.901768922805786, 32.61502695083618, 32.84369611740112, 33.2463002204895, 33.80973815917969, 34.25905776023865, 34.20987391471863, 33.694392919540405, 33.38096785545349, 33.678494930267334, 34.10061597824097, 34.085577964782715, 34.14560914039612, 34.04969596862793, 33.834399938583374, 33.88981890678406, 33.70219898223877, 33.744629859924316, 33.83107614517212, 34.42659902572632, 34.727221965789795, 34.78986120223999, 34.905396938323975, 35.06548714637756, 34.96891379356384, 34.65410614013672, 35.07795810699463, 34.68016815185547, 34.29180288314819, 33.82744240760803, 33.751736879348755, 33.85895085334778, 33.797260999679565, 34.08248209953308, 33.88425803184509, 33.87059307098389, 33.87161087989807, 34.01228308677673, 33.87982797622681, 33.87232804298401, 33.96802091598511, 33.97358989715576, 34.180975914001465, 33.88670110702515, 33.954795122146606, 34.08713912963867, 34.5687038898468, 34.924156188964844, 35.20055389404297, 35.10413694381714, 34.84758687019348, 34.9417290687561, 34.67102098464966, 33.96665692329407, 33.89306592941284, 33.790749073028564, 33.84530210494995, 33.87844705581665, 33.94293212890625, 34.05144500732422, 34.185328006744385, 33.911781787872314, 33.881675004959106, 33.91471195220947, 33.852248668670654, 33.92481732368469, 33.998717308044434, 33.97939920425415, 34.12199783325195, 33.95092010498047, 33.93797707557678, 33.86575698852539, 33.93940997123718, 33.887271881103516, 33.88484787940979, 33.97377300262451, 33.94689917564392, 34.13517904281616, 33.902727365493774, 33.903263092041016, 33.805898666381836, 33.934974908828735, 33.883737087249756, 33.887481689453125, 33.96100211143494, 34.03508186340332, 34.12383508682251, 34.02545189857483, 34.3171820640564, 34.01719903945923, 33.8894579410553, 33.902825117111206, 33.94953417778015, 33.93640899658203, 33.97650098800659, 34.15267825126648, 34.31002187728882, 33.943620920181274, 34.160269021987915, 33.84151291847229, 33.868131160736084, 33.9838650226593, 33.99839806556702, 34.00690793991089, 33.94724988937378, 33.92554712295532, 33.91514706611633, 33.94951915740967, 33.868130683898926, 33.945075273513794, 33.93945097923279, 33.97426700592041, 34.00404667854309, 33.91835403442383, 33.868719816207886, 33.852932929992676, 33.93191909790039, 33.84894824028015, 33.90015721321106, 33.978193044662476, 34.3533878326416, 34.609195947647095, 34.532647132873535, 34.52104091644287, 34.4661078453064, 34.537115812301636, 34.43134427070618, 34.41728734970093, 37.44774675369263, 34.41074991226196, 34.56944394111633, 34.540250062942505, 34.771748065948486, 34.33897399902344, 33.719563007354736, 33.4428768157959, 33.432199001312256, 33.401938915252686, 33.623486042022705, 33.85877013206482, 33.67473816871643, 33.685763120651245, 33.70699906349182, 33.586068868637085, 33.594563722610474, 33.727097034454346, 34.39240789413452, 34.6572630405426, 34.50198483467102, 34.58491492271423, 34.44891595840454, 34.47323203086853, 34.361523151397705, 34.40964102745056, 16.640868186950684]}