{"train_loss": [0.012869045923255612], "val_loss": 0.013234120044630971, "val_accuracy": 0.5886489201406329, "batch_times": [34.288108110427856, 34.523098945617676, 34.19945693016052, 34.52157998085022, 34.478065967559814, 34.38901710510254, 34.635754108428955, 34.293225049972534, 34.6214280128479, 34.370460987091064, 34.307424783706665, 34.62669396400452, 34.226107120513916, 34.67852020263672, 34.3280131816864, 34.589515924453735, 34.24058508872986, 34.186208963394165, 34.17011570930481, 34.45921206474304, 34.51445198059082, 34.13771080970764, 34.444077014923096, 34.601211071014404, 34.24479389190674, 34.282520055770874, 34.17431712150574, 34.39978218078613, 34.20077204704285, 34.583009004592896, 34.51229190826416, 34.38960909843445, 34.474406003952026, 34.13252091407776, 34.25028610229492, 34.17603921890259, 34.46816682815552, 34.5014808177948, 34.27916598320007, 34.43173789978027, 34.296066999435425, 34.46017289161682, 34.35017108917236, 34.21551299095154, 34.17103099822998, 34.50573015213013, 34.64307928085327, 34.240241289138794, 34.52607488632202, 34.32084798812866, 34.450681924819946, 34.5906879901886, 34.18817114830017, 34.537476778030396, 34.18972182273865, 34.54019212722778, 34.105626821517944, 34.57502484321594, 34.44518804550171, 34.13315296173096, 34.56938195228577, 34.1298451423645, 34.42188000679016, 34.16213393211365, 34.57833409309387, 34.45242190361023, 34.268293142318726, 34.42545795440674, 34.04624390602112, 34.51622915267944, 34.087998151779175, 34.423906087875366, 34.38374590873718, 34.451122999191284, 34.4146409034729, 34.227919816970825, 34.417057037353516, 34.27106308937073, 34.11100101470947, 34.1290020942688, 34.37391185760498, 34.44398283958435, 34.211559772491455, 34.48910212516785, 34.17128396034241, 34.57332897186279, 34.60169982910156, 34.10720372200012, 34.540627241134644, 34.1383752822876, 34.48313331604004, 34.08105683326721, 34.472228050231934, 34.41689968109131, 34.2069947719574, 34.28100609779358, 34.17820119857788, 34.49402332305908, 34.17159104347229, 34.47507572174072, 34.44788408279419, 34.218939781188965, 34.370306968688965, 37.01861786842346, 34.517178773880005, 34.34196186065674, 34.25286412239075, 34.48111891746521, 34.45307803153992, 34.401787996292114, 34.237815141677856, 34.403205156326294, 34.570446252822876, 34.0926730632782, 34.265953063964844, 33.90931797027588, 34.260844707489014, 33.88099718093872, 34.20155906677246, 34.23043203353882, 34.063148021698, 33.9929518699646, 33.907695293426514, 34.02065825462341, 33.98881006240845, 34.28963112831116, 33.8917498588562, 34.280664920806885, 34.203004121780396, 34.09965896606445, 33.935688972473145, 33.93048286437988, 34.20388984680176, 33.877808809280396, 34.210885763168335, 34.17609691619873, 34.146831035614014, 34.22635817527771, 34.14207601547241, 34.0861542224884, 33.866849184036255, 34.23980379104614, 34.15218210220337, 33.89840388298035, 33.888367891311646, 34.35308122634888, 34.217979192733765, 34.25107479095459, 34.42248225212097, 34.25536012649536, 34.229191064834595, 34.2078959941864, 33.95032787322998, 34.21537399291992, 33.841662883758545, 34.276946783065796, 34.312506914138794, 33.98358392715454, 34.07942080497742, 33.87283992767334, 34.32399296760559, 33.832324266433716, 34.14022898674011, 34.057273149490356, 34.21452522277832, 34.236473083496094, 33.93953895568848, 34.199811697006226, 33.92884802818298, 34.314643144607544, 34.165536642074585, 34.25728416442871, 34.06152391433716, 34.00627088546753, 33.97104215621948, 33.881136894226074, 34.121623039245605, 33.94195294380188, 34.29200291633606, 34.14985394477844, 33.85522198677063, 34.13616919517517, 33.959831953048706, 34.23983311653137, 33.96398901939392, 34.17503809928894, 34.33851599693298, 34.08542323112488, 34.23204493522644, 33.81152415275574, 34.096765995025635, 79.97407007217407, 29.59320878982544, 30.48473620414734, 32.02107501029968, 32.230392932891846, 32.486979722976685, 76.56979727745056, 29.592835187911987, 77.16308879852295, 29.588879823684692, 71.69351601600647, 71.7918951511383, 29.63128423690796, 81.73896598815918, 83.90004301071167, 29.564680099487305, 68.16550707817078, 80.29860877990723, 29.81627106666565, 80.05411291122437, 29.568525075912476, 69.11760902404785, 79.22353887557983, 29.589269161224365, 68.93283200263977, 29.491954803466797, 30.296947956085205, 30.758923053741455, 31.61201500892639, 31.485822916030884, 32.32970309257507, 31.944765090942383, 31.31675100326538, 79.19791102409363, 29.583688974380493, 84.32661819458008, 29.656171560287476, 29.872228145599365, 30.77599787712097, 71.90350389480591, 75.00818300247192, 29.7286319732666, 85.61891412734985, 70.14221096038818, 29.641448259353638, 70.3870439529419, 79.62253379821777, 29.770103216171265, 68.76593899726868, 29.528372049331665, 71.73054599761963, 78.23090982437134, 29.621536016464233, 72.65600371360779, 84.91947793960571, 29.633962869644165, 29.69758415222168, 29.76773691177368, 31.06694793701172, 31.34393811225891, 31.792080879211426, 31.73950219154358, 31.648057222366333, 32.31988286972046, 32.43331599235535, 32.35922574996948, 32.64408802986145, 31.814512968063354, 32.07899808883667, 32.48193883895874, 32.33639097213745, 32.73181200027466, 32.39703702926636, 32.49459409713745, 32.28256106376648, 32.677546977996826, 32.46128797531128, 32.760968923568726, 32.542927980422974, 32.49961709976196, 33.745733976364136, 33.851067304611206, 34.992836236953735, 35.0386118888855, 34.82662773132324, 29.653873920440674, 29.810131072998047, 29.845035076141357, 77.26647615432739, 29.662686109542847, 84.57217597961426, 70.64809203147888, 29.76927399635315, 82.27879619598389, 29.592700719833374, 80.61782813072205, 70.69864106178284, 29.644236087799072, 72.23444414138794, 70.36552691459656, 29.66495680809021, 67.90079092979431, 83.16926693916321, 29.774160861968994, 69.19466996192932, 29.515239000320435, 29.68157434463501, 82.70392394065857, 29.635284900665283, 77.35902905464172, 71.82790184020996, 29.573991060256958, 67.8458571434021, 76.19358015060425, 29.655022859573364, 70.64743089675903, 73.18964982032776, 29.69964599609375, 71.76306319236755, 29.575473308563232, 74.61386179924011, 76.05158305168152, 29.60402202606201, 73.73922276496887, 29.517014026641846, 29.95782494544983, 30.798043966293335, 31.071970224380493, 31.884212970733643, 31.987286806106567, 31.709771871566772, 31.61983013153076, 32.01708388328552, 32.05107808113098, 32.51644992828369, 15.615777015686035]}