{"train_loss": [0.012795564852550723], "val_loss": 0.013231427593323127, "val_accuracy": 0.5853842290306379, "batch_times": [30.581784963607788, 31.529781103134155, 32.815627098083496, 31.867326021194458, 32.567140102386475, 32.59888005256653, 32.76427698135376, 33.55660915374756, 33.74257278442383, 34.69105505943298, 35.0592622756958, 36.4579119682312, 36.23852205276489, 35.486247062683105, 34.87285113334656, 34.03376603126526, 34.48055601119995, 34.62460803985596, 34.968234062194824, 35.0323920249939, 34.968021869659424, 34.921911001205444, 34.76376414299011, 35.000444173812866, 34.70877408981323, 35.2678427696228, 35.034661054611206, 34.24059510231018, 34.19922494888306, 33.84476399421692, 33.74487280845642, 33.92429804801941, 34.360036849975586, 34.34550404548645, 34.333385944366455, 34.37859916687012, 34.037960052490234, 34.388115882873535, 34.08392810821533, 34.50896596908569, 35.27723503112793, 35.11721086502075, 35.462454080581665, 35.09959292411804, 35.07765078544617, 35.144646883010864, 34.52669095993042, 33.84614872932434, 34.044042110443115, 34.06792998313904, 33.851579904556274, 34.44011902809143, 34.445796728134155, 34.049641132354736, 34.39507007598877, 34.13152503967285, 34.21921515464783, 34.01267719268799, 34.74637269973755, 35.23307394981384, 35.31652808189392, 35.21063280105591, 34.831379890441895, 35.198514223098755, 34.712393045425415, 35.072304248809814, 35.079282999038696, 35.04708194732666, 89.52522492408752, 29.719372034072876, 30.250964403152466, 31.64652419090271, 31.59416913986206, 31.903587818145752, 32.453147888183594, 32.219720125198364, 33.0239622592926, 33.28176784515381, 32.666913747787476, 33.86579394340515, 34.69776916503906, 35.415964126586914, 35.03685665130615, 35.11375594139099, 35.06765007972717, 34.76199507713318, 35.23140096664429, 34.844362020492554, 34.80281710624695, 34.492674112319946, 34.50995206832886, 34.84473276138306, 34.62507081031799, 35.03832817077637, 34.69518780708313, 34.89652991294861, 35.050564765930176, 34.95664191246033, 34.341789960861206, 33.81489586830139, 33.97439670562744, 33.677570104599, 34.05927395820618, 34.093936920166016, 34.00466775894165, 34.36199188232422, 34.062642097473145, 33.99844288825989, 34.42685389518738, 34.23033022880554, 34.20604705810547, 34.5120210647583, 35.33286476135254, 35.07716703414917, 35.364384174346924, 34.87593913078308, 35.112788915634155, 34.95390200614929, 34.71228218078613, 34.70181179046631, 33.78527593612671, 34.01881003379822, 34.00163912773132, 34.13925123214722, 33.90878415107727, 34.520463943481445, 34.30229306221008, 34.0084810256958, 34.307140827178955, 34.13999700546265, 34.12320399284363, 34.280391216278076, 34.0825560092926, 34.47899389266968, 35.15114092826843, 35.46080017089844, 35.27621412277222, 34.73757576942444, 35.0601589679718, 34.746649742126465, 35.14041590690613, 34.51088619232178, 33.99848222732544, 33.67275309562683, 34.02358388900757, 34.034680128097534, 33.91235089302063, 34.28432488441467, 34.00221109390259, 34.459917068481445, 33.98747110366821, 34.0953950881958, 34.26268219947815, 34.05447220802307, 34.346609115600586, 34.13789892196655, 35.12211203575134, 35.46649694442749, 35.30618596076965, 35.20336294174194, 35.21824288368225, 34.969292879104614, 34.885955810546875, 34.74653100967407, 34.299121141433716, 33.93224287033081, 34.04466390609741, 33.817436933517456, 34.0969078540802, 34.1388201713562, 34.1935338973999, 34.26986289024353, 34.01707100868225, 34.4548442363739, 34.026159048080444, 34.376492738723755, 34.103824853897095, 34.144941091537476, 34.55872201919556, 35.328075885772705, 35.44644904136658, 34.92972421646118, 35.107897996902466, 35.025816202163696, 34.852800130844116, 34.73230576515198, 34.41939616203308, 34.125794649124146, 33.74601411819458, 34.024677753448486, 34.064258098602295, 33.999316930770874, 34.32643103599548, 34.028671979904175, 34.01448702812195, 34.62923789024353, 34.335062980651855, 34.36091375350952, 34.02895498275757, 34.29613208770752, 33.947985887527466, 34.43462800979614, 34.33758783340454, 34.904077768325806, 35.10806918144226, 35.34523797035217, 35.079594135284424, 34.75308418273926, 35.01062488555908, 34.312029123306274, 34.370607137680054, 33.737123012542725, 34.163042068481445, 34.09687304496765, 33.94307589530945, 34.23967003822327, 33.97415280342102, 34.21487998962402, 34.22662878036499, 34.185149908065796, 34.126070976257324, 34.17425584793091, 34.37604999542236, 34.62489128112793, 35.30181694030762, 35.370100021362305, 34.99084496498108, 35.17894506454468, 34.834622859954834, 34.65838408470154, 34.907933950424194, 34.503523111343384, 34.13241696357727, 33.72914791107178, 33.99930000305176, 33.826961278915405, 34.304741859436035, 34.08006501197815, 34.155601978302, 34.21551704406738, 34.0089898109436, 34.20257592201233, 34.02028703689575, 34.29556179046631, 34.11481714248657, 34.248520851135254, 34.19224810600281, 34.75632882118225, 34.98502779006958, 35.191479206085205, 35.3174889087677, 35.06680870056152, 34.73486018180847, 35.058056354522705, 34.14395713806152, 33.76589107513428, 33.92739796638489, 34.083353996276855, 34.15543031692505, 33.958561182022095, 34.24732995033264, 34.013530015945435, 34.381975173950195, 34.06633901596069, 33.998510122299194, 34.263431787490845, 34.91687083244324, 35.28097200393677, 35.12056303024292, 35.30056595802307, 34.83712983131409, 35.10349106788635, 34.73278021812439, 34.94431281089783, 34.70575308799744, 33.86326503753662, 34.12344765663147, 33.7477331161499, 34.15416884422302, 34.248979806900024, 34.202967166900635, 34.04410982131958, 34.18496513366699, 34.3101589679718, 33.96754789352417, 34.34233593940735, 34.262609004974365, 34.068060874938965, 35.08046793937683, 35.11893701553345, 35.46133017539978, 35.184345722198486, 35.131479024887085, 35.05749297142029, 34.690179109573364, 34.96694493293762, 34.343153953552246, 34.21463871002197, 33.77098798751831, 34.208770751953125, 34.140193939208984, 33.94980978965759, 34.3140549659729, 34.01201629638672, 34.29113006591797, 34.3182270526886, 34.17006278038025, 33.98761987686157, 34.49264883995056, 34.3669319152832, 34.4483687877655, 35.353184938430786, 35.47306180000305, 35.03812503814697, 35.24733304977417, 34.896414041519165, 34.984050989151, 35.153685092926025, 34.46830892562866, 34.094687938690186, 33.74370622634888, 34.07189393043518, 33.7967369556427, 34.24341607093811, 34.06652808189392, 34.418336153030396, 16.47641396522522]}