{"train_loss": [0.014131893646233497], "val_loss": 0.013826544320517544, "val_accuracy": 0.5469613259668509, "batch_times": [34.9636549949646, 34.54730296134949, 34.58569407463074, 33.94986605644226, 33.52496886253357, 33.3293137550354, 33.59425401687622, 33.57751512527466, 33.70045185089111, 33.85796523094177, 33.69054293632507, 33.73553681373596, 33.686723709106445, 33.731813192367554, 33.70930600166321, 34.54366183280945, 34.62071418762207, 34.60290598869324, 34.68980622291565, 34.57857012748718, 34.56973886489868, 34.44124984741211, 34.41240906715393, 34.47250008583069, 34.35033893585205, 33.64985275268555, 33.37569999694824, 34.0473198890686, 33.55127286911011, 33.7698712348938, 33.749351978302, 33.683842182159424, 33.752644062042236, 33.74505805969238, 33.71152877807617, 33.67445206642151, 34.02861714363098, 34.3882691860199, 34.66261339187622, 34.54937410354614, 34.533751249313354, 34.60287427902222, 34.718621015548706, 34.56492018699646, 34.742483139038086, 34.593076944351196, 34.57348299026489, 34.400493144989014, 33.944908142089844, 33.49779295921326, 33.700193643569946, 33.56711506843567, 33.703710079193115, 33.92737793922424, 33.87925386428833, 33.82623291015625, 33.69799017906189, 33.866331815719604, 33.732054710388184, 33.96390509605408, 34.27566123008728, 34.913798093795776, 34.76703596115112, 34.744059801101685, 34.624475955963135, 34.56524109840393, 34.64172697067261, 34.57086491584778, 34.50630974769592, 33.82647705078125, 33.528950929641724, 33.78799366950989, 33.653018951416016, 33.832459926605225, 33.73494291305542, 33.70389461517334, 33.77888798713684, 33.76183223724365, 33.746187925338745, 33.77643895149231, 34.07920789718628, 33.81451606750488, 33.850313901901245, 33.83348202705383, 34.34422779083252, 34.62814998626709, 34.69964003562927, 34.65193319320679, 34.99274206161499, 34.864991903305054, 34.730759143829346, 34.49047565460205, 34.00744390487671, 33.58380317687988, 33.57286715507507, 33.57033705711365, 33.63843297958374, 34.1932590007782, 33.79646182060242, 33.98779225349426, 33.698363065719604, 33.76932501792908, 33.6901638507843, 33.77902293205261, 33.67437481880188, 34.29244804382324, 34.7807240486145, 34.59297513961792, 34.85539889335632, 34.51374411582947, 34.46736478805542, 34.42647314071655, 34.057915925979614, 33.46660900115967, 33.344606161117554, 33.59091401100159, 33.62145400047302, 33.8453848361969, 33.69394516944885, 33.718340158462524, 33.66938877105713, 33.78640913963318, 33.703110218048096, 33.70950794219971, 33.825567960739136, 33.680213928222656, 34.20924377441406, 34.54102802276611, 34.602418184280396, 34.642454862594604, 37.58992004394531, 34.63251996040344, 34.67242693901062, 34.70123791694641, 34.46717691421509, 33.715611934661865, 33.460795879364014, 33.33212494850159, 33.62558078765869, 33.65171408653259, 33.7333869934082, 34.111246824264526, 34.079610109329224, 34.360877990722656, 34.01167583465576, 34.06915903091431, 33.98430609703064, 34.17002010345459, 33.976381063461304, 33.921720027923584, 34.09064769744873, 33.95941472053528, 34.145991802215576, 33.96883988380432, 34.03163123130798, 34.16012692451477, 34.15335392951965, 34.04691004753113, 34.010481119155884, 34.13756799697876, 33.97260022163391, 34.22552299499512, 33.97726893424988, 33.911234855651855, 33.93732810020447, 34.17331004142761, 34.0091028213501, 34.25636005401611, 34.08927297592163, 34.08861422538757, 33.99314475059509, 33.9522807598114, 33.9243597984314, 34.120814085006714, 33.882347106933594, 33.95285081863403, 34.04494380950928, 34.02052879333496, 34.08736991882324, 33.97004580497742, 34.00384593009949, 33.94200110435486, 34.09940814971924, 33.95173668861389, 34.16999816894531, 33.95883321762085, 34.033348083496094, 34.097407817840576, 33.96735620498657, 34.025413036346436, 33.95307397842407, 34.205082178115845, 34.02750515937805, 33.937127113342285, 34.25206017494202, 34.06133580207825, 34.14241671562195, 33.931183099746704, 33.964752197265625, 33.99005603790283, 34.10885691642761, 33.96294617652893, 34.27398991584778, 34.13529109954834, 34.11166715621948, 34.44268608093262, 34.07089281082153, 34.04340600967407, 34.08531188964844, 34.13014602661133, 34.005215883255005, 34.00500988960266, 33.9908652305603, 34.1583149433136, 34.16764211654663, 33.96047115325928, 33.990987062454224, 34.10714530944824, 34.07758617401123, 34.01916217803955, 33.96983504295349, 33.98724389076233, 34.337690114974976, 34.01568603515625, 34.012481927871704, 33.99482583999634, 34.05496096611023, 34.01282000541687, 34.050907135009766, 34.013911962509155, 33.95193600654602, 34.34936499595642, 33.97295904159546, 34.004379987716675, 33.98063898086548, 34.12483596801758, 34.053847789764404, 33.93444514274597, 34.06123375892639, 34.22287201881409, 34.45481491088867, 33.9799370765686, 33.989665031433105, 33.99264311790466, 34.099931716918945, 33.975775957107544, 34.023627042770386, 33.99712920188904, 33.91211414337158, 34.2910840511322, 33.99565410614014, 33.980358839035034, 34.0048189163208, 34.11307406425476, 33.98352074623108, 33.99053192138672, 34.133009910583496, 33.945456981658936, 34.21754169464111, 33.97317600250244, 33.9485399723053, 34.13172197341919, 34.194267988204956, 34.141871213912964, 33.99070191383362, 34.00679397583008, 34.000251054763794, 34.21813678741455, 34.02257680892944, 33.96150016784668, 34.01013493537903, 34.109533071517944, 34.10619282722473, 34.17057490348816, 33.94508385658264, 33.99730896949768, 34.03049898147583, 34.06353688240051, 33.884154081344604, 33.932363986968994, 34.13339281082153, 33.97406721115112, 33.99538493156433, 33.9478018283844, 34.04518699645996, 34.070292949676514, 34.11056613922119, 33.99428415298462, 34.08723592758179, 34.02659511566162, 33.92038083076477, 33.97471523284912, 33.934659004211426, 33.97774386405945, 33.990344762802124, 34.14628505706787, 34.004230976104736, 34.08822202682495, 33.99376368522644, 33.969526052474976, 34.35786294937134, 33.93613910675049, 34.108176946640015, 34.260024070739746, 34.040513038635254, 33.98106908798218, 34.20820689201355, 34.02902293205261, 34.33313322067261, 76.53850889205933, 29.689316987991333, 30.908226013183594, 31.081154108047485, 31.971935987472534, 32.30363893508911, 31.874055862426758, 31.958565950393677, 32.64894104003906, 32.541566133499146, 33.6251220703125, 34.763200998306274, 35.11981201171875, 34.64678406715393, 37.028295278549194, 34.33861494064331, 29.820132970809937, 14.421813011169434]}