{"train_loss": [0.013040333120304922], "val_loss": 0.013298937916625184, "val_accuracy": 0.5773480662983426, "batch_times": [34.08202028274536, 34.32980823516846, 34.36427283287048, 34.03592300415039, 34.02922582626343, 34.45465803146362, 34.3325092792511, 34.04145908355713, 34.356749057769775, 33.959940910339355, 34.37506604194641, 34.68858861923218, 34.88218808174133, 35.03299689292908, 34.99654698371887, 34.93259406089783, 35.126280069351196, 34.532655000686646, 34.18431901931763, 33.96928095817566, 33.78076505661011, 33.55508780479431, 34.00847005844116, 34.16268277168274, 34.010265827178955, 34.17581105232239, 33.90307903289795, 34.091639041900635, 33.79852533340454, 34.13354802131653, 34.037814140319824, 33.89050579071045, 34.66915798187256, 34.744824171066284, 35.231897830963135, 34.94277787208557, 35.063236951828, 34.946448802948, 34.54729604721069, 34.59733772277832, 34.67791676521301, 34.00377607345581, 33.57451891899109, 34.172632932662964, 33.702993869781494, 33.871654748916626, 34.06813907623291, 33.78373408317566, 34.09583497047424, 33.8753559589386, 34.11914086341858, 34.15605688095093, 33.84537887573242, 33.75792074203491, 34.22262907028198, 34.07773184776306, 33.73651885986328, 34.02872085571289, 34.1639130115509, 33.93385291099548, 34.775794982910156, 34.701268911361694, 34.97752499580383, 34.68584609031677, 35.05050230026245, 34.96516489982605, 34.46664619445801, 34.205615282058716, 33.48431324958801, 33.93818187713623, 33.58526682853699, 33.992722034454346, 34.0273962020874, 33.90032124519348, 33.73937106132507, 34.10119390487671, 34.059885025024414, 33.694077014923096, 34.11914300918579, 33.69162392616272, 34.032448053359985, 34.04621195793152, 33.62313508987427, 33.931997776031494, 33.928091287612915, 34.044737815856934, 33.708333253860474, 34.25471210479736, 34.41228485107422, 35.013580083847046, 34.94940400123596, 34.61615800857544, 34.609394788742065, 35.09941506385803, 34.3677282333374, 34.05070185661316, 33.4007568359375, 33.45959115028381, 33.8741512298584, 33.9393892288208, 33.671250104904175, 34.237831830978394, 34.11148691177368, 33.789658069610596, 34.20759105682373, 33.74226784706116, 33.71121120452881, 34.03322911262512, 33.9892258644104, 33.71546196937561, 34.10817003250122, 34.078718185424805, 33.81726121902466, 35.5947642326355, 34.78128480911255, 33.697999000549316, 34.39937877655029, 34.01078414916992, 34.018352031707764, 33.79502320289612, 34.13447070121765, 33.737632036209106, 34.27011775970459, 33.95745801925659, 34.412962198257446, 34.869324684143066, 34.61914110183716, 34.61219096183777, 34.6581027507782, 34.81381916999817, 34.78393006324768, 33.90491509437561, 33.48685002326965, 33.83588671684265, 33.79651188850403, 33.570528984069824, 34.030869007110596, 33.861258029937744, 34.02076697349548, 34.09129524230957, 33.76321530342102, 33.86890506744385, 33.72522807121277, 34.05541372299194, 33.8571081161499, 34.10433006286621, 34.136351108551025, 33.774094104766846, 34.127360105514526, 33.69162201881409, 33.70068097114563, 34.017088890075684, 33.97132086753845, 34.46893906593323, 34.77686882019043, 34.97613310813904, 34.688472032547, 35.02469825744629, 34.59536910057068, 34.533926010131836, 34.5343291759491, 33.65125513076782, 33.70459198951721, 33.47762608528137, 33.942094802856445, 33.77479910850525, 34.030487060546875, 33.64751887321472, 33.952574014663696, 34.13151574134827, 33.67291283607483, 34.01166892051697, 33.87438988685608, 33.969391107559204, 33.7544162273407, 34.26280689239502, 33.93953800201416, 33.67759585380554, 33.978330850601196, 33.66145920753479, 33.62700629234314, 33.818716049194336, 34.02470684051514, 34.049022912979126, 33.72015309333801, 34.01363706588745, 33.97631597518921, 34.062244176864624, 34.322569131851196, 34.91558885574341, 77.52129006385803, 29.530818939208984, 30.311127185821533, 31.410583019256592, 31.92892599105835, 31.980896949768066, 32.49450707435608, 32.618038177490234, 32.28791403770447, 32.91573119163513, 34.136791944503784, 34.53256273269653, 35.35830497741699, 35.79529094696045, 35.121588945388794, 34.563687801361084, 33.84617590904236, 33.98773193359375, 34.075422048568726, 34.34909009933472, 34.195318937301636, 34.2163290977478, 34.507323026657104, 34.51632213592529, 34.697571754455566, 34.7711968421936, 34.35695266723633, 33.99204993247986, 33.448620080947876, 33.387308835983276, 33.522112131118774, 33.918421030044556, 34.12929892539978, 34.071341037750244, 34.00097894668579, 33.73153591156006, 33.76841497421265, 34.08909296989441, 33.67457675933838, 33.68350791931152, 33.99876809120178, 34.103017807006836, 33.77717709541321, 33.93475818634033, 33.76620602607727, 34.185089111328125, 33.71904468536377, 33.124943017959595, 31.602407217025757, 32.053860902786255, 32.181596994400024, 32.506190061569214, 32.24128007888794, 32.57927703857422, 32.54078483581543, 32.64714598655701, 32.84278202056885, 33.03297400474548, 33.4250009059906, 33.29642415046692, 33.44343590736389, 33.045145988464355, 33.235493898391724, 33.40362787246704, 33.10377502441406, 33.55601215362549, 36.125409841537476, 81.46121907234192, 29.611937046051025, 30.06354308128357, 31.930273056030273, 31.973373889923096, 32.12316584587097, 32.11395716667175, 32.36220073699951, 33.04830884933472, 34.15764784812927, 35.284690141677856, 36.08806109428406, 35.611674070358276, 35.45109224319458, 34.406543254852295, 34.18165826797485, 34.32065200805664, 33.526947021484375, 33.93535375595093, 33.999999046325684, 33.968660831451416, 34.27624988555908, 34.086966037750244, 33.85912871360779, 33.90544009208679, 34.39058709144592, 34.651413679122925, 34.61688208580017, 34.88290500640869, 34.71467113494873, 34.546902656555176, 34.52946615219116, 33.833351850509644, 33.45655298233032, 33.763938188552856, 33.86038589477539, 34.170027017593384, 34.08193778991699, 33.848357915878296, 34.1068320274353, 33.88022780418396, 33.75050115585327, 34.01712107658386, 33.76080298423767, 34.05284237861633, 33.86154508590698, 34.00566816329956, 33.815311908721924, 33.81657600402832, 33.87685203552246, 33.732407093048096, 33.695345878601074, 34.030354261398315, 34.218979835510254, 33.97265005111694, 34.15067911148071, 34.079262018203735, 33.88691782951355, 33.83323287963867, 33.69415998458862, 34.00034809112549, 33.78721594810486, 33.99826788902283, 34.02360224723816, 34.03247594833374, 33.766154050827026, 34.787452936172485, 35.805333852767944, 33.75587511062622, 16.307933807373047]}