{"train_loss": [1.017427876534899], "val_loss": [1.0465451400457084], "val_accuracy": [0.25213460572576596], "batch_times": [28.67388677597046, 28.724751949310303, 29.384742975234985, 28.885740995407104, 75.12164568901062, 74.21509289741516, 29.028375148773193, 69.12091493606567, 28.957148790359497, 70.24287796020508, 71.81792712211609, 28.6567440032959, 78.31800198554993, 76.28047275543213, 28.843514919281006, 68.80471324920654, 28.65290904045105, 82.2236819267273, 72.21221113204956, 28.624665021896362, 73.40529012680054, 28.598047971725464, 28.61762499809265, 28.569693088531494, 28.667160749435425, 28.82076597213745, 28.751748085021973, 28.632673025131226, 28.705836057662964, 28.63852286338806, 28.656934022903442, 28.74678921699524, 28.652891159057617, 28.62944483757019, 28.63806390762329, 28.693156719207764, 28.678585052490234, 28.644638061523438, 28.707606077194214, 28.643460750579834, 28.71698784828186, 28.672820806503296, 28.631957054138184, 28.6590838432312, 28.661479234695435, 28.670314073562622, 28.74877691268921, 28.65077519416809, 28.631885766983032, 28.69754910469055, 28.62921380996704, 28.6562819480896, 28.878266096115112, 28.659044981002808, 28.62795090675354, 28.661144971847534, 28.650987148284912, 28.73091983795166, 28.6245858669281, 28.628418922424316, 28.724013805389404, 28.667206048965454, 28.65410017967224, 28.668986797332764, 28.659955978393555, 28.633020877838135, 28.663129091262817, 28.71875786781311, 28.671439170837402, 28.663769721984863, 28.719422817230225, 28.8660569190979, 28.66350793838501, 28.644109964370728, 78.83373165130615, 28.66036105155945, 28.748806953430176, 28.64164400100708, 28.722988843917847, 28.74231719970703, 28.866209983825684, 28.62975525856018, 28.665084838867188, 28.662056922912598, 28.639683723449707, 28.651822090148926, 28.666727781295776, 28.709667921066284, 28.636453866958618, 28.7538640499115, 28.674580097198486, 28.66631293296814, 28.66095995903015, 28.67025899887085, 28.64945387840271, 28.654958724975586, 28.623926162719727, 28.755263090133667, 28.630760192871094, 28.658435821533203, 28.685181856155396, 28.64138698577881, 28.624684810638428, 28.654226303100586, 28.651825189590454, 28.639625787734985, 28.65844488143921, 28.69251298904419, 28.701414823532104, 28.636409997940063, 28.66047215461731, 28.678231954574585, 28.66261625289917, 30.04081106185913, 29.106606006622314, 28.637017726898193, 28.671059131622314, 28.715699911117554, 28.667695999145508, 28.696276903152466, 28.68553876876831, 28.641279935836792, 28.77669382095337, 28.792035818099976, 28.652985095977783, 28.63597083091736, 28.649405002593994, 28.641644954681396, 28.652461767196655, 28.690927267074585, 28.677910804748535, 28.747729063034058, 28.67784023284912, 28.84354281425476, 28.648119926452637, 28.662479877471924, 28.63903284072876, 28.649024963378906, 28.650388956069946, 28.702818155288696, 28.675601959228516, 28.73394012451172, 28.63562774658203, 28.730878353118896, 28.74565029144287, 29.064194679260254, 28.63166618347168, 28.642320156097412, 28.629755973815918, 28.676140069961548, 28.673451900482178, 28.71459197998047, 28.638267278671265, 28.6723792552948, 28.686595916748047, 28.621171951293945, 28.658565759658813, 28.641875982284546, 28.64318323135376, 28.64337182044983, 28.642518043518066, 28.680649995803833, 28.691704034805298, 28.64471983909607, 28.784752130508423, 28.655232906341553, 28.65223217010498, 28.638097763061523, 28.641776084899902, 28.657519102096558, 28.662055015563965, 28.696764945983887, 28.750680923461914, 28.632346868515015, 28.624274253845215, 28.743295907974243, 28.636667013168335, 28.65738606452942, 28.853718996047974, 28.650534868240356, 28.637106895446777, 28.6542489528656, 28.676671981811523, 28.71280598640442, 28.643898963928223, 28.755077123641968, 28.65793204307556, 28.65142512321472, 28.64083194732666, 28.644377946853638, 28.654818773269653, 28.65977907180786, 28.67100501060486, 28.688852071762085, 28.654902935028076, 28.806109189987183, 28.66240882873535, 28.68045997619629, 28.665596961975098, 28.626387119293213, 28.64936113357544, 28.63825488090515, 28.66434097290039, 28.689106225967407, 28.700258016586304, 28.809449911117554, 28.694385766983032, 28.663663148880005, 28.653650283813477, 28.6278977394104, 28.65326690673828, 28.654449939727783, 28.661611080169678, 28.66497492790222, 28.695930242538452, 28.643587827682495, 28.698285818099976, 28.6305148601532, 28.659378051757812, 28.653496980667114, 28.642364978790283, 28.66290831565857, 28.623862981796265, 28.650813102722168, 28.681056022644043, 28.699475288391113, 28.649258852005005, 28.71635103225708, 28.641831874847412, 28.666839122772217, 28.622788906097412, 28.645947694778442, 28.633934020996094, 28.665616750717163, 28.66616988182068, 28.65107822418213, 28.62401509284973, 28.736735820770264, 28.63365888595581, 28.71150279045105, 28.639684200286865, 28.621901988983154, 28.69303607940674, 28.644707679748535, 28.651458978652954, 28.68065571784973, 28.667367219924927, 28.679686069488525, 28.799279928207397, 28.63472604751587, 28.653604745864868, 28.632835865020752, 28.671252012252808, 28.64292812347412, 28.662386178970337, 28.708765029907227, 28.6995210647583, 28.66328191757202, 28.760919094085693, 28.984174251556396, 28.67604422569275, 28.63763189315796, 28.6490638256073, 28.631301164627075, 28.637658834457397, 28.653751134872437, 28.678334951400757, 28.708892822265625, 28.626877069473267, 28.74383807182312, 28.64748215675354, 28.641057014465332, 28.63477611541748, 28.641671895980835, 28.646066904067993, 28.655532121658325, 28.62360405921936, 28.7462100982666, 28.63275384902954, 28.71184992790222, 28.667407274246216, 28.631421327590942, 28.64406704902649, 28.646930932998657, 28.62817621231079, 28.66328501701355, 28.61782693862915, 28.656988859176636, 28.69539189338684, 28.624829053878784, 28.723725080490112, 28.63071298599243, 28.667948007583618, 28.629080057144165, 28.64147186279297, 28.65877389907837, 28.641726970672607, 28.62359070777893, 28.690572023391724, 28.61595606803894, 28.69286870956421, 28.655293941497803, 28.72048306465149, 28.889343976974487, 28.679744005203247, 28.633015155792236, 28.66026496887207, 28.610538959503174, 28.627413749694824, 28.733022928237915, 28.643656730651855, 28.740658044815063, 28.644185781478882, 28.654951810836792, 28.6270968914032, 28.657466888427734, 28.64219880104065, 28.649667978286743, 28.627437114715576, 28.816871166229248, 28.65547800064087, 28.746283054351807, 29.202028036117554, 28.80892014503479, 28.63195300102234, 28.667155981063843, 13.86891794204712]}