{"train_loss": [0.012936745439819241], "val_loss": 0.013257524091774796, "val_accuracy": 0.5889000502260171, "batch_times": [33.94459819793701, 34.86715602874756, 85.7743239402771, 134.8498740196228, 115.0974280834198, 163.00894474983215, 121.94762897491455, 123.3103518486023, 174.8320779800415, 125.38594722747803, 183.76041984558105, 113.2285008430481, 119.7505509853363, 193.7554807662964, 128.25066113471985, 125.6208610534668, 185.21883296966553, 128.03110098838806, 129.0403389930725, 164.4368667602539, 130.8294961452484, 168.32572531700134, 125.26851296424866, 76.10216188430786, 114.64003396034241, 131.2988669872284, 124.52878904342651, 181.14600706100464, 125.66303014755249, 121.55642914772034, 171.21698188781738, 112.20423984527588, 166.96059799194336, 125.6496970653534, 123.726083278656, 133.21784710884094, 184.1796009540558, 113.43117117881775, 161.08463788032532, 131.2235860824585, 121.38196110725403, 164.69735717773438, 123.05768918991089, 126.84796595573425, 171.32893180847168, 127.80394387245178, 108.12141609191895, 171.10530591011047, 62.76229691505432, 32.22585916519165, 30.126111030578613, 29.53176712989807, 69.19929718971252, 84.27285671234131, 29.707332134246826, 76.73301196098328, 75.3292088508606, 29.739992141723633, 76.8036859035492, 29.591629028320312, 74.31939387321472, 83.97580480575562, 29.53801703453064, 68.2521390914917, 80.24916005134583, 29.571135997772217, 84.19884085655212, 80.33251214027405, 29.64612603187561, 73.9963161945343, 29.53071093559265, 29.557254791259766, 32.638720989227295, 30.48453187942505, 74.05765509605408, 29.84425115585327, 30.10863423347473, 31.324987173080444, 32.28728699684143, 31.437695026397705, 32.20325493812561, 32.33813786506653, 32.317950963974, 32.70569109916687, 32.3069109916687, 33.03203582763672, 32.601309299468994, 32.881407022476196, 32.65692901611328, 32.98029589653015, 33.58816313743591, 34.61751890182495, 35.42745923995972, 35.18948698043823, 35.06741690635681, 34.561781883239746, 35.49839401245117, 34.96896815299988, 35.045804023742676, 35.11129903793335, 34.91246509552002, 34.6727728843689, 34.831376791000366, 35.574795961380005, 36.18498182296753, 35.86378598213196, 35.808560848236084, 35.175352811813354, 35.19898319244385, 35.150355100631714, 35.018324851989746, 35.28990316390991, 35.022098779678345, 35.5096390247345, 35.08693313598633, 35.30697822570801, 35.42825508117676, 35.290765047073364, 35.34555792808533, 35.26082468032837, 34.92268395423889, 35.01195693016052, 34.86590313911438, 35.23017072677612, 35.24166989326477, 35.386765003204346, 35.28642201423645, 34.735304832458496, 34.45718789100647, 33.88176369667053, 34.15065288543701, 33.81457996368408, 34.498420000076294, 35.211857080459595, 35.22803592681885, 35.32561206817627, 35.0152428150177, 35.285115242004395, 35.15187668800354, 34.871241092681885, 35.1008677482605, 35.013426065444946, 35.223578214645386, 35.399003982543945, 34.88978886604309, 35.11311912536621, 36.57568573951721, 35.19143295288086, 35.0326988697052, 35.079318046569824, 80.71718716621399, 29.913995027542114, 31.171672105789185, 31.87956690788269, 31.67133092880249, 31.817884922027588, 32.15745711326599, 32.729275941848755, 32.57797598838806, 34.255106925964355, 36.051417112350464, 36.17103099822998, 35.069406032562256, 35.31008005142212, 34.89369225502014, 35.4468469619751, 35.43871784210205, 35.597429037094116, 35.735440254211426, 35.57309699058533, 35.95085382461548, 34.82984900474548, 34.866332054138184, 34.80329394340515, 34.53941464424133, 34.83084225654602, 35.40789294242859, 35.30443334579468, 35.20356225967407, 34.7570960521698, 35.56819701194763, 37.01744198799133, 35.202812910079956, 34.938074827194214, 34.98466491699219, 35.32837724685669, 34.950608015060425, 35.12676787376404, 34.9799280166626, 34.73574900627136, 34.20690989494324, 35.208189964294434, 32.316357135772705, 38.14145588874817, 30.859447240829468, 30.728237867355347, 30.747758150100708, 30.733448028564453, 30.871464014053345, 30.583904027938843, 30.499767065048218, 30.790309190750122, 30.6912739276886, 30.83045196533203, 30.906600952148438, 30.794838905334473, 30.828925848007202, 30.706777095794678, 30.75589609146118, 30.884710788726807, 30.78268790245056, 30.98353910446167, 31.147091150283813, 31.013959884643555, 31.039348125457764, 30.966068029403687, 30.841598987579346, 31.036426782608032, 30.843278884887695, 30.90313196182251, 30.98584294319153, 30.954585790634155, 31.138418912887573, 30.767493724822998, 30.926862239837646, 30.700310945510864, 30.801966905593872, 30.824761152267456, 30.94093418121338, 30.950063943862915, 30.930431127548218, 30.76999306678772, 31.571854829788208, 31.478425979614258, 31.375651121139526, 31.330102682113647, 31.27194118499756, 31.057610988616943, 30.943958044052124, 31.060690879821777, 31.160254955291748, 31.081398010253906, 30.99732494354248, 31.30259871482849, 31.0984468460083, 31.146064281463623, 31.20803189277649, 31.070981979370117, 31.054569959640503, 31.169937133789062, 31.178442001342773, 31.19326424598694, 31.147454261779785, 31.189022302627563, 31.353623151779175, 32.32689666748047, 37.14195895195007, 33.023016929626465, 31.385377883911133, 30.090723991394043, 30.402309894561768, 30.739583015441895, 36.569396018981934, 41.1324188709259, 34.75378894805908, 32.695273876190186, 31.7691068649292, 30.795263051986694, 36.781617879867554, 33.90474510192871, 34.01442813873291, 35.239450216293335, 36.201176166534424, 34.0590078830719, 32.811890840530396, 31.391902923583984, 30.219995975494385, 30.11801290512085, 33.255553007125854, 32.436599016189575, 31.8789222240448, 32.475733041763306, 33.38414120674133, 32.65146279335022, 31.17016291618347, 33.867980003356934, 31.924166917800903, 31.85038185119629, 32.03712201118469, 32.16115975379944, 31.748676776885986, 32.201236963272095, 36.31520891189575, 32.69360113143921, 34.31199908256531, 31.103429079055786, 31.97175693511963, 34.08038306236267, 34.144171953201294, 32.9529972076416, 31.640511989593506, 33.37113094329834, 31.959434032440186, 34.09878206253052, 38.1149218082428, 34.6317880153656, 31.88861608505249, 32.237406969070435, 34.436190128326416, 30.931055068969727, 31.168887853622437, 31.019476890563965, 36.535391092300415, 33.062463998794556, 32.510262966156006, 31.615009784698486, 32.83568525314331, 34.649219036102295, 33.3151319026947, 31.69233989715576, 31.501611709594727, 31.72512698173523, 31.167625904083252, 32.66470503807068, 31.52916383743286, 31.20435094833374, 15.147296905517578]}