{"train_loss": [0.012850891788857673], "val_loss": 0.013234968516185702, "val_accuracy": 0.5926670015067805, "batch_times": [29.60701608657837, 81.19921898841858, 29.585588932037354, 29.715416193008423, 83.07121706008911, 29.61763095855713, 72.53596997261047, 82.59361004829407, 29.615302085876465, 67.59920597076416, 80.95216274261475, 29.856534004211426, 82.05665993690491, 29.704611778259277, 82.99676299095154, 79.95372986793518, 29.619443893432617, 76.37330198287964, 79.58616399765015, 29.591630220413208, 29.51742196083069, 30.448575973510742, 30.894197702407837, 31.932347297668457, 31.607192993164062, 31.984040021896362, 32.13076186180115, 32.14208698272705, 32.08996605873108, 32.230950117111206, 31.935581922531128, 32.00106596946716, 32.01798391342163, 32.56994986534119, 32.45064902305603, 32.6500768661499, 31.89451003074646, 32.50755023956299, 32.901559829711914, 32.04189491271973, 32.986083030700684, 32.026488065719604, 32.88910531997681, 32.65767502784729, 33.125662088394165, 33.20117211341858, 34.43838810920715, 34.37887692451477, 33.997771978378296, 34.46669888496399, 34.24115014076233, 34.1761109828949, 33.72258996963501, 34.09210515022278, 33.542962312698364, 33.968289852142334, 33.926255226135254, 34.129069089889526, 34.80715799331665, 34.611307859420776, 34.13900685310364, 34.2549991607666, 33.906785011291504, 34.21360993385315, 34.15357494354248, 34.33781290054321, 34.21915102005005, 34.1817090511322, 34.522621393203735, 34.03698921203613, 35.64533710479736, 35.624616861343384, 34.446797132492065, 34.54301381111145, 34.411481857299805, 34.40091896057129, 34.182573080062866, 34.40384292602539, 34.29275107383728, 34.62766408920288, 34.30585289001465, 34.57716512680054, 34.62388300895691, 34.755126953125, 34.60611081123352, 34.33546996116638, 34.657410860061646, 34.557942152023315, 34.2669780254364, 34.215983152389526, 34.574294090270996, 34.63614201545715, 34.417614698410034, 34.58711385726929, 34.33613181114197, 34.59523606300354, 34.60252499580383, 34.398308992385864, 34.63156604766846, 34.29283285140991, 34.670397996902466, 34.478986978530884, 33.87150812149048, 34.20162391662598, 33.71728777885437, 34.04722619056702, 33.779754877090454, 34.113471269607544, 34.11024188995361, 33.83136796951294, 33.72323799133301, 34.022523164749146, 34.15593194961548, 33.834770917892456, 34.386499643325806, 33.81671404838562, 34.185608863830566, 34.19607996940613, 33.92795372009277, 34.46761608123779, 34.730698108673096, 35.20986294746399, 35.13379979133606, 34.76327586174011, 34.56607508659363, 34.90133714675903, 34.65303587913513, 33.996411085128784, 33.996577978134155, 33.741271018981934, 33.98087501525879, 34.091230154037476, 33.743069887161255, 34.0407280921936, 33.724711894989014, 34.16036319732666, 34.097641944885254, 33.844109773635864, 34.204931020736694, 32.487793922424316, 75.13313221931458, 29.6072781085968, 72.16513109207153, 74.16564464569092, 29.588996171951294, 84.93917489051819, 71.54822397232056, 29.63409113883972, 72.75024628639221, 78.92926692962646, 29.72826313972473, 72.85346698760986, 29.54295778274536, 70.96647810935974, 82.35262203216553, 29.656349897384644, 73.22381591796875, 29.508209228515625, 29.93014121055603, 30.802502155303955, 31.91789197921753, 31.85037589073181, 31.785152912139893, 32.76793098449707, 32.1663122177124, 32.1078040599823, 32.31073594093323, 31.960570812225342, 32.504820108413696, 32.92344808578491, 32.21132516860962, 32.80281209945679, 32.51730823516846, 32.86007905006409, 32.26066994667053, 32.91374373435974, 32.82616114616394, 33.59068703651428, 34.21467924118042, 34.35019612312317, 34.682015895843506, 34.25327682495117, 33.79540300369263, 33.74566698074341, 34.106919050216675, 34.23250198364258, 33.639281034469604, 33.86958622932434, 33.703933000564575, 34.706735134124756, 35.05698585510254, 34.76632499694824, 34.78591203689575, 34.89660596847534, 34.857906103134155, 34.479645013809204, 34.81275701522827, 34.53902578353882, 34.72733402252197, 33.96262502670288, 33.77207398414612, 34.00902080535889, 33.6248562335968, 34.02701115608215, 33.68946981430054, 34.1600399017334, 34.08819508552551, 33.79401516914368, 33.98533511161804, 34.685871839523315, 35.270262002944946, 34.92247414588928, 34.83003640174866, 34.4309823513031, 34.11513328552246, 34.48182487487793, 34.46029496192932, 34.25430393218994, 34.73969793319702, 34.47968006134033, 34.05237817764282, 33.70482087135315, 34.63889789581299, 34.74292993545532, 35.10206174850464, 34.90444326400757, 34.616158962249756, 34.70188021659851, 35.24046015739441, 35.012959003448486, 34.56548595428467, 34.88312602043152, 77.57280015945435, 29.54855489730835, 30.653671264648438, 31.64733624458313, 31.788037300109863, 31.929396152496338, 32.69557476043701, 32.53087401390076, 32.72557997703552, 33.107479095458984, 34.40674090385437, 35.98580503463745, 36.55912804603577, 35.841158866882324, 35.15662908554077, 35.271860122680664, 34.65309810638428, 34.43532967567444, 34.056705951690674, 34.02882719039917, 34.188931703567505, 34.54960584640503, 34.614222049713135, 34.55578875541687, 34.815451860427856, 34.82287096977234, 34.565539836883545, 35.03988289833069, 34.515331745147705, 36.860342025756836, 35.591241121292114, 35.73312497138977, 35.95547699928284, 35.5950448513031, 36.92590284347534, 37.49740695953369, 35.56407380104065, 35.53319239616394, 35.34757709503174, 32.88786697387695, 30.71489906311035, 143.19090795516968, 109.02363705635071, 117.83130812644958, 176.95593786239624, 118.0122480392456, 168.55579495429993, 134.21476101875305, 179.1188039779663, 121.78907299041748, 121.16805124282837, 165.72590398788452, 130.89018082618713, 122.67481184005737, 77.74560117721558, 175.71132636070251, 125.14368224143982, 127.85700583457947, 156.03864312171936, 120.01342630386353, 184.26664876937866, 120.45137786865234, 130.74521017074585, 159.55739903450012, 124.49086475372314, 163.22913098335266, 123.70775699615479, 120.41712832450867, 176.92862796783447, 117.71606612205505, 121.84560179710388, 182.95944714546204, 121.1021466255188, 167.61844396591187, 135.43288326263428, 125.3545069694519, 133.75981378555298, 164.58175587654114, 133.2479748725891, 165.95065116882324, 119.87391996383667, 131.72557306289673, 139.41053891181946, 174.25680994987488, 115.11823105812073, 126.48816680908203, 192.24961376190186, 118.9950361251831, 82.2297031879425, 31.275707006454468, 32.45591711997986, 29.819364070892334, 29.62489080429077, 29.844990015029907, 14.69485092163086]}