{"train_loss": [0.013245454400675153], "val_loss": 0.013388748298131086, "val_accuracy": 0.571320944249121, "batch_times": [32.25125598907471, 80.17397618293762, 29.64227795600891, 72.45403099060059, 81.72832798957825, 29.807588815689087, 71.7667191028595, 29.655166149139404, 82.66611576080322, 78.37472677230835, 29.604559898376465, 84.40735626220703, 70.59045076370239, 29.634406089782715, 77.07209420204163, 72.06698513031006, 29.84375500679016, 74.05417227745056, 29.550668716430664, 29.94927406311035, 30.973865032196045, 31.681787252426147, 31.58535885810852, 31.6560640335083, 32.70926594734192, 32.21333980560303, 32.33911395072937, 32.80799412727356, 33.050209045410156, 32.34476280212402, 32.89834189414978, 32.399810791015625, 33.085750102996826, 34.23289775848389, 34.814220905303955, 34.996593713760376, 34.758002042770386, 34.20895981788635, 34.040071964263916, 34.04162120819092, 34.49604296684265, 34.57686495780945, 34.53361201286316, 34.755866289138794, 33.95710730552673, 34.36979389190674, 34.997198820114136, 35.52879500389099, 35.37200403213501, 35.28853797912598, 35.535508155822754, 34.98726487159729, 34.84814095497131, 34.40824508666992, 34.96670413017273, 35.171605825424194, 34.675894021987915, 34.34868574142456, 34.33341908454895, 34.591630697250366, 34.70325779914856, 34.16353702545166, 34.53154802322388, 34.66145610809326, 34.6866979598999, 33.942562103271484, 33.585901737213135, 33.65118408203125, 33.98432993888855, 34.2629189491272, 33.85300922393799, 33.85950779914856, 34.2467839717865, 33.89720606803894, 33.6833610534668, 33.696290731430054, 34.05400204658508, 33.999878883361816, 34.60336685180664, 33.90199303627014, 34.03086304664612, 34.150187969207764, 33.935351848602295, 34.052191972732544, 34.11781191825867, 34.113823890686035, 34.18913412094116, 33.927680015563965, 33.9006450176239, 34.540252923965454, 34.228415966033936, 34.0244779586792, 34.066872119903564, 33.967427015304565, 33.97388792037964, 34.0321478843689, 34.010563135147095, 33.99094200134277, 34.1138858795166, 34.10429501533508, 34.12915802001953, 34.02912616729736, 33.93141794204712, 33.973318099975586, 34.11962914466858, 34.007601737976074, 34.08414316177368, 33.98393988609314, 34.18944692611694, 34.00035119056702, 33.98737287521362, 33.888410806655884, 33.88362383842468, 34.0650269985199, 33.92465305328369, 34.07822394371033, 34.02338790893555, 34.16785907745361, 33.93641185760498, 33.90088415145874, 33.884732723236084, 34.187451124191284, 34.46764421463013, 33.91694974899292, 34.04165816307068, 34.04274916648865, 34.19358801841736, 34.08613204956055, 33.951048135757446, 34.47146391868591, 34.232743978500366, 35.73407506942749, 34.13645386695862, 33.94935703277588, 33.88168716430664, 33.63450002670288, 33.69328689575195, 34.1346230506897, 34.56786131858826, 34.718132972717285, 34.64083194732666, 34.670233964920044, 34.52061223983765, 34.561163902282715, 34.4709632396698, 34.42655897140503, 34.39233899116516, 34.41092371940613, 34.42567801475525, 33.88055992126465, 33.693886041641235, 33.38515090942383, 33.81591296195984, 33.58933877944946, 33.73729991912842, 33.639689922332764, 33.69409775733948, 34.55215096473694, 33.69192290306091, 33.75078296661377, 33.951520919799805, 34.00334286689758, 33.82018208503723, 33.75709295272827, 34.26992607116699, 34.61540913581848, 34.59940195083618, 34.49775695800781, 34.93426775932312, 34.423094034194946, 34.60425519943237, 34.41261577606201, 34.14116621017456, 33.557535886764526, 33.42854404449463, 33.33841323852539, 33.497824907302856, 34.162601947784424, 34.037750005722046, 33.645694971084595, 33.6487250328064, 33.81310486793518, 34.13524603843689, 34.08210372924805, 35.136983156204224, 34.29777669906616, 33.850017070770264, 74.12311601638794, 29.544586181640625, 29.801517009735107, 31.791770219802856, 31.792993783950806, 31.66136121749878, 32.252464056015015, 32.36487793922424, 32.53436207771301, 33.042396783828735, 34.502788066864014, 34.99909496307373, 34.971822023391724, 35.39480113983154, 34.536661863327026, 34.33370590209961, 33.88187766075134, 33.39358997344971, 33.38757610321045, 33.728501081466675, 33.74124336242676, 34.134637117385864, 33.98521089553833, 33.81195306777954, 33.82652401924133, 34.23869585990906, 33.85907983779907, 36.6887948513031, 33.97212314605713, 33.815937995910645, 34.14942908287048, 34.184597969055176, 34.187864780426025, 33.86506915092468, 34.3668999671936, 33.846646785736084, 34.02187204360962, 33.983505725860596, 35.865410804748535, 30.903133153915405, 31.032241106033325, 31.104367971420288, 30.59185290336609, 30.725309371948242, 30.114264011383057, 29.998149871826172, 70.35079908370972, 29.703026056289673, 86.16738367080688, 76.02326393127441, 29.566755056381226, 81.92821192741394, 79.03209710121155, 29.616291046142578, 73.95797109603882, 29.64964509010315, 71.6702151298523, 75.24934601783752, 29.582755088806152, 55.12460112571716, 29.60811686515808, 29.5745050907135, 68.99354600906372, 29.61427593231201, 75.48216772079468, 78.54354691505432, 29.53286910057068, 78.78946685791016, 76.45595407485962, 29.640911102294922, 80.4406669139862, 29.53908085823059, 78.28535985946655, 82.73852109909058, 29.543161869049072, 74.55482602119446, 75.188720703125, 29.654106855392456, 72.61514592170715, 29.593475103378296, 29.560291051864624, 29.848112106323242, 31.545167207717896, 30.796676874160767, 31.261523008346558, 31.365509748458862, 31.631958961486816, 32.22114825248718, 32.30303883552551, 31.96184802055359, 31.93104100227356, 32.20454502105713, 32.826366901397705, 32.38129377365112, 32.22853207588196, 32.73237609863281, 32.246488094329834, 32.52854895591736, 32.72529482841492, 32.833035707473755, 32.58351516723633, 32.565547943115234, 32.250056982040405, 32.51064085960388, 32.54463601112366, 33.01453185081482, 33.039291858673096, 33.24427008628845, 34.24431109428406, 34.00099301338196, 33.95323395729065, 33.593817949295044, 33.499080181121826, 33.31205725669861, 33.260327100753784, 33.9761278629303, 34.787050008773804, 34.39270877838135, 34.587629079818726, 34.59075307846069, 34.17777681350708, 34.68036508560181, 34.29598116874695, 33.90365386009216, 33.34593105316162, 33.71562194824219, 33.66529107093811, 33.523956060409546, 34.028353691101074, 33.63139009475708, 34.0088529586792, 33.590604066848755, 33.6742479801178, 33.92565703392029, 33.71037316322327, 33.815088987350464, 33.65000820159912, 34.03813576698303, 33.64976191520691, 16.2535297870636]}