{"train_loss": [0.012995867315004824], "val_loss": 0.013288508685677996, "val_accuracy": 0.5863887493721748, "batch_times": [34.9129798412323, 34.47965598106384, 34.21111226081848, 34.045979022979736, 34.08161497116089, 34.44005870819092, 34.05442428588867, 34.50856018066406, 34.362656116485596, 34.25632119178772, 34.21653175354004, 34.541325092315674, 34.219053745269775, 33.667351961135864, 33.54137992858887, 33.44370722770691, 33.36500287055969, 33.63630700111389, 33.47189688682556, 33.7457480430603, 33.45353293418884, 34.035475969314575, 34.466808795928955, 34.718761920928955, 34.55187010765076, 34.26120901107788, 34.352778911590576, 34.18360710144043, 34.45861887931824, 34.215425968170166, 34.133758783340454, 34.11174917221069, 34.46034526824951, 34.41815400123596, 34.289121866226196, 34.19191026687622, 33.46757197380066, 33.632622718811035, 33.301360845565796, 33.27451419830322, 33.336766958236694, 33.70791482925415, 34.32689714431763, 34.55176401138306, 34.783607959747314, 34.24335694313049, 34.66758608818054, 34.10262894630432, 34.10543990135193, 34.46119499206543, 34.151089906692505, 34.64196705818176, 34.66052293777466, 34.62352895736694, 34.6003851890564, 34.348881244659424, 34.5719108581543, 33.91081500053406, 33.614872217178345, 33.53475618362427, 33.31858992576599, 33.55422496795654, 33.38826012611389, 33.42245626449585, 33.741942167282104, 33.678122997283936, 33.82408595085144, 34.71361708641052, 34.6676869392395, 34.32063007354736, 34.41806101799011, 34.184844732284546, 34.4781448841095, 34.15577173233032, 34.16458296775818, 34.39658284187317, 34.0885853767395, 34.45464611053467, 34.23271989822388, 34.44437503814697, 34.10012888908386, 33.84003400802612, 33.158583879470825, 33.50182795524597, 33.498435735702515, 33.35287809371948, 33.59734010696411, 33.4876708984375, 33.77966117858887, 34.55022573471069, 34.57058095932007, 34.29910397529602, 34.46621799468994, 34.354609966278076, 34.048316955566406, 34.31223726272583, 34.555750131607056, 34.20111393928528, 34.09819507598877, 34.577388048172, 34.62092208862305, 33.825340270996094, 33.46118402481079, 33.37419509887695, 33.38296103477478, 33.525723934173584, 33.40866494178772, 33.67376685142517, 33.41265296936035, 33.42588782310486, 33.37751603126526, 34.20370697975159, 34.675153970718384, 34.414849042892456, 34.45704507827759, 34.35430693626404, 34.298561096191406, 34.21583890914917, 34.418012857437134, 34.36950087547302, 34.06171178817749, 34.416616916656494, 34.23338484764099, 34.32834815979004, 34.18821310997009, 34.208104848861694, 33.30869793891907, 33.22222900390625, 33.625967025756836, 33.24041175842285, 33.604137897491455, 33.37337112426758, 33.590067863464355, 33.50588083267212, 33.76230812072754, 34.24327802658081, 30.639687061309814, 71.35873603820801, 29.542996883392334, 79.61407279968262, 81.93945288658142, 29.674420833587646, 71.08375883102417, 81.63664507865906, 29.613723039627075, 84.67330193519592, 29.68322491645813, 71.75991201400757, 77.04863595962524, 29.593533039093018, 68.41873598098755, 78.49050188064575, 29.595368146896362, 71.66196417808533, 29.535640716552734, 29.94938588142395, 30.3581759929657, 31.68529725074768, 31.908422231674194, 31.770216941833496, 32.22422409057617, 32.06667184829712, 32.55096483230591, 32.38762903213501, 31.93071413040161, 32.69025111198425, 32.38334918022156, 32.265511989593506, 33.03318500518799, 32.81818699836731, 32.773051261901855, 32.3201539516449, 32.85492992401123, 32.95893096923828, 32.43450593948364, 33.090468883514404, 33.210760831832886, 33.75177979469299, 34.31089687347412, 34.228408098220825, 33.542102098464966, 33.57540583610535, 33.28601694107056, 33.6276638507843, 33.32613921165466, 33.83993220329285, 34.07108402252197, 34.815675020217896, 34.37453508377075, 33.61733317375183, 33.77391004562378, 33.48101496696472, 33.91728615760803, 33.70383405685425, 33.74691390991211, 33.74733114242554, 34.158162117004395, 33.96438813209534, 33.67278599739075, 34.0073881149292, 33.67931008338928, 34.06424283981323, 33.774181842803955, 33.65468907356262, 33.65874099731445, 34.10732293128967, 33.99809789657593, 33.807963848114014, 34.01317620277405, 33.75787091255188, 34.14316010475159, 33.80283784866333, 33.730380058288574, 33.811482191085815, 34.168755769729614, 34.070310831069946, 33.90488600730896, 34.01524901390076, 34.022608280181885, 33.8064341545105, 33.7868127822876, 33.691205978393555, 33.814061880111694, 34.21567106246948, 34.01782298088074, 33.96361494064331, 33.96819090843201, 33.70917773246765, 34.09078598022461, 33.76502084732056, 33.656877756118774, 33.960180044174194, 33.77631998062134, 34.003297090530396, 34.01983594894409, 33.72785401344299, 34.14096188545227, 33.995469093322754, 34.08410406112671, 33.747923135757446, 34.1722457408905, 34.02948999404907, 33.680140018463135, 33.99739193916321, 33.715773820877075, 33.72404193878174, 33.98341393470764, 34.095458030700684, 33.89039087295532, 34.129223108291626, 33.99946117401123, 33.73377585411072, 33.99008083343506, 33.64915204048157, 34.0389130115509, 33.775222063064575, 33.65491724014282, 33.709917068481445, 34.17984104156494, 33.98677396774292, 33.69664478302002, 34.028945207595825, 33.756863832473755, 33.997556924819946, 33.92246699333191, 33.67297101020813, 33.76118206977844, 34.38212990760803, 33.98128294944763, 33.70897388458252, 33.995673179626465, 33.90926003456116, 33.88172006607056, 34.13605499267578, 33.91998100280762, 34.07250499725342, 33.86604714393616, 34.04235529899597, 33.87111306190491, 34.100257873535156, 33.81215000152588, 33.814119815826416, 34.06023406982422, 33.709859132766724, 34.10409998893738, 33.74737906455994, 33.954854249954224, 33.99085521697998, 33.909181118011475, 34.034985065460205, 33.78761601448059, 33.80432486534119, 33.676628828048706, 34.13660717010498, 33.962953090667725, 33.76020908355713, 34.02349901199341, 33.72668409347534, 34.19634175300598, 33.8240020275116, 34.13163924217224, 33.8302538394928, 34.1852650642395, 34.02574706077576, 33.655630111694336, 33.9750018119812, 33.708184242248535, 33.957661151885986, 33.90263605117798, 34.04715394973755, 33.67469310760498, 34.11600685119629, 33.98928189277649, 33.69716691970825, 34.07868790626526, 33.73984885215759, 34.084264039993286, 33.971376180648804, 33.75708794593811, 33.746084213256836, 34.13139009475708, 34.016520738601685, 33.72668504714966, 34.02086901664734, 33.737634897232056, 34.09816217422485, 16.31420087814331]}