{"train_loss": [0.012887261202166343], "val_loss": 0.013254579067022283, "val_accuracy": 0.5883977900552486, "batch_times": [35.14162302017212, 35.305179834365845, 34.50371599197388, 34.41716909408569, 34.28322196006775, 34.25514793395996, 34.33512306213379, 34.26111888885498, 34.43891406059265, 34.41664910316467, 34.869049072265625, 35.02885890007019, 35.61264419555664, 35.58553218841553, 35.04440879821777, 35.342382192611694, 35.485361099243164, 35.192567110061646, 35.33460593223572, 34.936121225357056, 35.28875803947449, 34.34567093849182, 34.38834881782532, 34.20729398727417, 34.09788489341736, 34.328930139541626, 34.285315990448, 34.513396978378296, 34.23266291618347, 34.64424133300781, 34.599628925323486, 34.251883029937744, 34.70798897743225, 35.12129306793213, 35.43277883529663, 35.78887104988098, 35.224122047424316, 35.103468894958496, 35.315810203552246, 35.3184552192688, 34.97217416763306, 35.26132583618164, 34.59294533729553, 34.21014404296875, 34.18330097198486, 34.02797198295593, 34.23765301704407, 34.63330817222595, 34.4811110496521, 34.468955993652344, 34.330485820770264, 34.43616223335266, 34.524827003479004, 35.14500308036804, 35.22968888282776, 35.30587697029114, 35.428972244262695, 35.01634383201599, 35.221884965896606, 35.07409691810608, 35.31377983093262, 34.6654372215271, 33.98493814468384, 34.03892183303833, 33.98604917526245, 34.43304967880249, 34.11493134498596, 34.741379261016846, 34.63535404205322, 34.343486070632935, 34.43680691719055, 34.918283224105835, 34.17389702796936, 34.59664297103882, 34.20150804519653, 34.4337158203125, 34.41235113143921, 34.40204215049744, 34.2547869682312, 34.48124408721924, 39.08114814758301, 36.31022882461548, 87.8125581741333, 29.50340485572815, 30.661410093307495, 31.141783714294434, 32.40135216712952, 32.31804418563843, 32.11287307739258, 33.161468267440796, 32.700112104415894, 33.818387031555176, 34.93281626701355, 35.94374394416809, 35.374139070510864, 35.04699969291687, 34.79779291152954, 35.102900981903076, 35.07088303565979, 34.93466281890869, 35.395344734191895, 35.07331705093384, 35.162200689315796, 34.474611043930054, 34.75271797180176, 35.19061088562012, 34.60759496688843, 34.60000705718994, 34.25356316566467, 34.66279578208923, 34.6001341342926, 35.473586082458496, 34.79281497001648, 34.74634504318237, 34.8051700592041, 34.83939576148987, 34.48969078063965, 34.78975486755371, 34.55987620353699, 34.916444063186646, 34.498059034347534, 35.04029583930969, 34.51852798461914, 35.10420608520508, 34.82340407371521, 34.48812794685364, 34.781028270721436, 34.567031145095825, 34.85710430145264, 34.753742933273315, 34.53246307373047, 34.58717918395996, 34.624215841293335, 34.79032015800476, 34.833741188049316, 34.58331298828125, 34.84149408340454, 34.29876089096069, 34.211337089538574, 33.46016716957092, 33.83711099624634, 33.9333291053772, 33.766265869140625, 34.02278804779053, 33.86409115791321, 34.779045820236206, 34.639601945877075, 34.94377017021179, 34.47120189666748, 34.73201894760132, 34.72665190696716, 34.417118310928345, 34.74231791496277, 34.51125693321228, 34.79827880859375, 34.7875599861145, 34.6091468334198, 34.740062952041626, 34.98026919364929, 34.87891101837158, 34.50448799133301, 34.319936990737915, 33.7989718914032, 33.41795015335083, 33.82286787033081, 33.7420449256897, 33.81480813026428, 34.255558013916016, 34.949414014816284, 35.000970125198364, 34.597350120544434, 34.85821223258972, 34.44858503341675, 35.011919260025024, 79.39879989624023, 30.00588297843933, 31.110480785369873, 32.92124080657959, 32.454495906829834, 32.13484072685242, 32.81588697433472, 32.53868079185486, 32.9573540687561, 33.09822988510132, 34.93511199951172, 35.63314890861511, 35.95663809776306, 35.7387421131134, 35.197712898254395, 35.462729930877686, 34.55622601509094, 33.87111806869507, 33.85444712638855, 34.41424512863159, 34.33738398551941, 34.137136936187744, 34.54618430137634, 34.34526205062866, 34.7439398765564, 34.409420013427734, 34.35121202468872, 34.34416222572327, 34.753127336502075, 34.65586805343628, 34.62770390510559, 34.653165102005005, 34.68445587158203, 34.41936802864075, 34.40873408317566, 34.87412619590759, 34.85817790031433, 34.84197282791138, 34.985053062438965, 34.65028405189514, 34.727673053741455, 34.82001280784607, 34.653544187545776, 34.53757429122925, 34.80794405937195, 34.81317210197449, 34.101613998413086, 33.55745315551758, 33.7216010093689, 33.58139491081238, 34.02251100540161, 33.9664089679718, 34.56296229362488, 35.44554305076599, 35.70980620384216, 35.405096769332886, 35.11952495574951, 35.12171816825867, 35.06447076797485, 34.76309299468994, 34.19933295249939, 33.94122791290283, 34.30443096160889, 33.95004391670227, 34.39979791641235, 34.32812190055847, 34.025850772857666, 34.377201080322266, 34.086881160736084, 33.99227499961853, 34.39261984825134, 34.42345309257507, 34.414560079574585, 34.48347091674805, 34.298583984375, 34.40508508682251, 34.35875701904297, 34.117676734924316, 34.01395297050476, 34.024811029434204, 34.42023706436157, 34.400185108184814, 34.977100133895874, 35.358227014541626, 35.213279008865356, 35.467536211013794, 34.922635078430176, 34.846319913864136, 35.119779109954834, 34.127495765686035, 34.21928000450134, 34.240906953811646, 33.95612716674805, 34.30467104911804, 34.00528812408447, 34.054919719696045, 33.985499143600464, 34.34955334663391, 34.270766258239746, 34.452683210372925, 34.398550033569336, 34.09297728538513, 34.324321031570435, 35.30405926704407, 35.61884593963623, 34.190285205841064, 34.53079295158386, 34.36839699745178, 34.199866771698, 34.50650191307068, 34.17136001586914, 34.40895485877991, 34.07614588737488, 77.17027306556702, 29.64908719062805, 31.23478412628174, 31.56254291534424, 32.50890326499939, 32.36973023414612, 32.58873915672302, 33.04697799682617, 32.3598849773407, 33.374464988708496, 33.7845139503479, 35.4248743057251, 35.84160900115967, 35.71521520614624, 35.67404294013977, 35.15834593772888, 35.334956645965576, 34.65675115585327, 34.37237811088562, 34.869739055633545, 34.649484157562256, 34.972662925720215, 35.01039123535156, 34.64798164367676, 33.97934103012085, 33.684321880340576, 33.875362157821655, 34.201297760009766, 34.31045198440552, 34.052417039871216, 34.344666719436646, 34.275696992874146, 33.92655801773071, 34.488486766815186, 34.03884410858154, 34.34138298034668, 34.04792380332947, 34.30996608734131, 34.28945779800415, 16.45850968360901]}