{"train_loss": [0.013598062100627242], "val_loss": 0.01359054638162871, "val_accuracy": 0.5524861878453039, "batch_times": [29.90990161895752, 29.80879831314087, 29.826654195785522, 29.763190984725952, 29.987430810928345, 29.849031925201416, 29.846330881118774, 29.98783278465271, 29.9047691822052, 29.890036821365356, 29.807318925857544, 29.86248016357422, 29.79030680656433, 29.864728927612305, 29.77301573753357, 29.81021213531494, 29.73926019668579, 141.33741211891174, 29.616935968399048, 81.43384313583374, 82.85620903968811, 29.836769819259644, 82.28447604179382, 29.519316911697388, 76.46178793907166, 82.1387791633606, 29.56790280342102, 81.68344402313232, 73.4786479473114, 29.637803077697754, 70.37228202819824, 29.50851011276245, 72.22558808326721, 29.604885816574097, 29.81062889099121, 30.837850093841553, 32.59193181991577, 31.144877195358276, 31.369212865829468, 32.31424570083618, 31.74631404876709, 32.3845009803772, 32.3547420501709, 32.536773920059204, 32.29223394393921, 32.39307475090027, 32.286606788635254, 32.43245005607605, 32.52511978149414, 32.62643599510193, 32.289716958999634, 32.94043016433716, 33.58142280578613, 33.95551776885986, 33.91128897666931, 34.040696144104004, 34.17043089866638, 34.04716205596924, 33.818233013153076, 33.77626872062683, 33.770450830459595, 33.778700828552246, 34.14148211479187, 33.917587995529175, 33.55058288574219, 33.472639083862305, 33.4444580078125, 33.558566093444824, 34.09520363807678, 34.85370326042175, 34.67660903930664, 34.835609912872314, 34.559754848480225, 34.53815412521362, 34.48320269584656, 34.39767503738403, 34.491058111190796, 34.58809804916382, 34.10451889038086, 33.701294898986816, 33.89198112487793, 33.53709316253662, 33.62634491920471, 33.694114208221436, 33.73858118057251, 33.71041011810303, 34.01719284057617, 33.82078218460083, 33.74306082725525, 33.999671936035156, 33.765207052230835, 33.736412048339844, 33.785303831100464, 34.27230191230774, 34.618311166763306, 34.708335876464844, 34.66412115097046, 34.555418729782104, 34.71841907501221, 34.428658962249756, 34.54178309440613, 34.44147777557373, 34.22474026679993, 33.714641094207764, 33.617955923080444, 33.42416310310364, 33.50786089897156, 33.8390531539917, 33.60736107826233, 33.6318461894989, 33.58518981933594, 33.660420179367065, 33.830960750579834, 33.74598407745361, 34.03238034248352, 33.70007586479187, 33.947649002075195, 34.213841915130615, 34.59577131271362, 34.59359812736511, 34.59338021278381, 34.64804410934448, 34.53927683830261, 34.42889714241028, 34.42422890663147, 34.56151819229126, 34.364591121673584, 33.89823007583618, 33.50155329704285, 33.36368799209595, 33.60564708709717, 33.5423629283905, 33.63716506958008, 33.64725708961487, 33.696146965026855, 33.462554931640625, 33.951382875442505, 34.10514998435974, 34.03960585594177, 34.08393096923828, 34.42269492149353, 34.366641998291016, 33.979265213012695, 34.12180685997009, 33.93875789642334, 33.692052125930786, 33.498594999313354, 33.48246502876282, 34.29857897758484, 34.83260178565979, 34.70103192329407, 34.77379322052002, 34.601038217544556, 34.54008507728577, 34.49731469154358, 34.4404239654541, 34.45217299461365, 34.601003885269165, 34.442492961883545, 34.448710918426514, 34.566895961761475, 34.52457594871521, 34.38816785812378, 34.366952896118164, 34.42120671272278, 34.607327938079834, 37.20911908149719, 34.47760605812073, 34.39254808425903, 34.55102777481079, 34.536141872406006, 34.47329020500183, 34.47134613990784, 34.529903173446655, 34.75257706642151, 34.57891511917114, 34.49774789810181, 34.55489993095398, 34.39132213592529, 34.492883920669556, 34.417750120162964, 34.47828197479248, 34.50446796417236, 34.31762194633484, 34.04788899421692, 34.18248391151428, 34.03683519363403, 33.853720903396606, 34.083741188049316, 33.89519000053406, 33.932713985443115, 34.15433478355408, 34.6973340511322, 35.00072908401489, 35.11195111274719, 34.74532198905945, 34.34901309013367, 34.454164028167725, 34.40821194648743, 34.364591121673584, 34.63321018218994, 34.44852614402771, 34.49364399909973, 34.42905116081238, 34.585546255111694, 34.56952714920044, 34.45919418334961, 34.471186876297, 34.44962811470032, 34.64848065376282, 34.457366943359375, 34.50381803512573, 34.62666702270508, 34.48164367675781, 34.57756018638611, 34.400104999542236, 34.43875789642334, 34.41776990890503, 34.53151273727417, 34.793741941452026, 34.4461088180542, 34.52662706375122, 34.40319514274597, 34.63788819313049, 34.52157998085022, 34.453299045562744, 34.63666486740112, 34.3772759437561, 33.98822808265686, 33.756678342819214, 33.903496980667114, 36.22836089134216, 31.59108805656433, 31.314358949661255, 31.084005117416382, 76.09739589691162, 29.712079763412476, 82.09004092216492, 69.5294771194458, 29.620681047439575, 75.93559408187866, 29.53283715248108, 77.67689609527588, 84.39001512527466, 29.5524001121521, 82.36900568008423, 79.70178627967834, 29.712966918945312, 78.25504112243652, 29.556156158447266, 83.3222348690033, 29.50670075416565, 30.030216932296753, 32.47880291938782, 31.55382800102234, 31.851559162139893, 32.21842312812805, 32.25586223602295, 31.99049401283264, 32.46120810508728, 32.58463191986084, 32.49314093589783, 32.505491971969604, 32.36180114746094, 31.95044207572937, 32.884462118148804, 33.3597252368927, 33.84142303466797, 34.528170108795166, 34.52340888977051, 34.70261812210083, 34.33271098136902, 34.09470891952515, 33.95300579071045, 33.893555879592896, 33.973418951034546, 33.784724950790405, 34.53715491294861, 34.66629195213318, 34.7463481426239, 34.594780921936035, 34.23332595825195, 34.425079107284546, 34.08133006095886, 34.557005167007446, 34.59247159957886, 34.416937828063965, 34.29802989959717, 34.255581855773926, 34.63017296791077, 35.24755787849426, 35.775744915008545, 35.53232002258301, 35.538678884506226, 35.29712724685669, 35.10651230812073, 34.57114291191101, 34.081948041915894, 34.14786505699158, 34.47782278060913, 34.516733169555664, 34.68495488166809, 34.428404092788696, 34.619560956954956, 34.44561576843262, 34.22101020812988, 33.86922597885132, 33.78144192695618, 35.17772436141968, 31.45087194442749, 30.816394090652466, 29.84088897705078, 30.563483953475952, 29.956918954849243, 82.11635088920593, 29.51663899421692, 68.00071001052856, 69.63413786888123, 29.634940147399902, 72.82979011535645, 72.92356514930725, 29.575974225997925, 74.46754002571106, 73.86844801902771, 29.63999629020691, 76.56581401824951, 14.318001985549927]}