{"train_loss": [0.013088876610340852], "val_loss": 0.013336600997690849, "val_accuracy": 0.5833751883475641, "batch_times": [32.002909898757935, 30.47064995765686, 30.418534994125366, 30.264769077301025, 30.258129119873047, 30.294580936431885, 30.4255952835083, 30.50123906135559, 30.59788203239441, 30.540173053741455, 30.22557020187378, 30.359106063842773, 30.350929737091064, 30.20257306098938, 30.37086796760559, 30.347219944000244, 30.19115376472473, 33.658607959747314, 31.566240072250366, 31.30443286895752, 31.311784744262695, 31.252506732940674, 31.333527088165283, 31.364187240600586, 31.248502016067505, 31.29426407814026, 31.448065042495728, 31.316353797912598, 31.525995016098022, 31.5180881023407, 31.374106884002686, 31.399927854537964, 31.332051992416382, 31.481746912002563, 31.38525080680847, 31.404508113861084, 31.570120811462402, 31.458679914474487, 31.492395877838135, 31.27518606185913, 31.416038036346436, 31.28653120994568, 31.492100954055786, 31.23630714416504, 30.592829942703247, 30.492003917694092, 30.425786018371582, 30.23581886291504, 29.977131128311157, 29.91936206817627, 30.18839716911316, 30.005378007888794, 29.97188925743103, 31.452800989151, 30.584024667739868, 30.20003318786621, 30.13845133781433, 30.25851583480835, 29.971980094909668, 29.900508880615234, 29.942059755325317, 30.200645685195923, 29.963342666625977, 30.05010724067688, 30.109296083450317, 30.38184404373169, 30.152623176574707, 30.167933225631714, 30.063095092773438, 29.951485872268677, 30.106623888015747, 30.254031896591187, 30.052210807800293, 78.02402830123901, 31.328304290771484, 75.98470377922058, 33.18135190010071, 35.942283153533936, 30.551268100738525, 30.700721979141235, 33.15790581703186, 30.635595083236694, 30.205749988555908, 82.64266800880432, 73.44273495674133, 32.10398721694946, 70.02491021156311, 73.01196813583374, 100.52308988571167, 72.71574401855469, 29.726473093032837, 75.14542627334595, 70.75612115859985, 29.607687950134277, 74.41004705429077, 29.606565713882446, 80.35303282737732, 75.28984022140503, 29.622145175933838, 69.1942949295044, 82.62330079078674, 29.57406497001648, 84.30910897254944, 29.676671981811523, 29.804654121398926, 31.36421489715576, 31.415830850601196, 31.98364806175232, 32.19182205200195, 31.971697092056274, 32.60914206504822, 33.14063835144043, 32.03506088256836, 32.823965072631836, 33.641993045806885, 34.818288803100586, 35.269436836242676, 35.72606682777405, 35.24173593521118, 34.58877897262573, 34.47377896308899, 34.489956855773926, 34.524133920669556, 34.80354619026184, 34.9815149307251, 34.41306018829346, 33.9094352722168, 34.06577277183533, 33.88209319114685, 33.867393016815186, 33.91712784767151, 34.22408604621887, 34.51748704910278, 33.97892713546753, 34.311346769332886, 34.09947609901428, 34.04250192642212, 33.5339241027832, 33.53941106796265, 34.02868580818176, 34.98179507255554, 35.174777030944824, 34.70362401008606, 34.948878049850464, 34.64290499687195, 34.79994320869446, 34.565556049346924, 34.73976922035217, 34.59310007095337, 35.1637179851532, 34.85989475250244, 34.614022970199585, 34.88958811759949, 34.36331295967102, 33.61888289451599, 33.563011169433594, 33.52275991439819, 33.95143485069275, 34.03121209144592, 34.05468797683716, 34.02909207344055, 33.785855293273926, 33.96810221672058, 33.86900091171265, 34.35798406600952, 34.57634115219116, 35.101117849349976, 35.07814812660217, 34.59314703941345, 34.85981798171997, 34.60743689537048, 34.833840131759644, 34.40580201148987, 33.79863500595093, 33.50812101364136, 33.911746978759766, 33.907368183135986, 33.656307220458984, 33.97379922866821, 33.84114098548889, 34.003093004226685, 33.84267616271973, 34.19280529022217, 33.981786251068115, 34.21488118171692, 34.09989333152771, 33.73553681373596, 34.2894971370697, 34.77335715293884, 34.76412582397461, 34.8205840587616, 34.706490993499756, 34.954498052597046, 34.834261894226074, 34.816550970077515, 34.74953579902649, 34.18440508842468, 33.917032957077026, 33.49692893028259, 33.46614384651184, 33.5946102142334, 33.98581099510193, 34.17902588844299, 33.744282960891724, 33.99899220466614, 33.804803133010864, 33.97899603843689, 34.143004179000854, 34.58063220977783, 34.664514780044556, 35.11017203330994, 35.000079870224, 34.542689085006714, 34.81499004364014, 34.5999710559845, 34.763850688934326, 33.85179901123047, 33.48838806152344, 33.63213086128235, 33.857115745544434, 34.05555605888367, 33.69607210159302, 34.16910004615784, 34.024353981018066, 33.8120481967926, 33.71623396873474, 33.727136850357056, 34.10451292991638, 34.581541776657104, 35.06903290748596, 34.97363495826721, 34.819440841674805, 34.87667727470398, 34.55136203765869, 34.8528208732605, 34.30519509315491, 33.93248176574707, 34.066099882125854, 33.55111503601074, 33.875710010528564, 33.856693744659424, 34.07398080825806, 33.707255125045776, 34.13322186470032, 33.77107501029968, 34.16309595108032, 34.41220211982727, 34.48269200325012, 34.97397708892822, 34.81137013435364, 35.10136437416077, 34.96767568588257, 34.58952808380127, 34.49042987823486, 34.9541392326355, 34.824509143829346, 34.462074995040894, 35.076595067977905, 34.96939992904663, 34.545730113983154, 34.55305790901184, 33.93654131889343, 33.84802508354187, 33.64836883544922, 33.86119103431702, 33.967565059661865, 33.80994415283203, 34.29387402534485, 34.644956827163696, 34.76096272468567, 34.671831130981445, 35.163681983947754, 35.074809074401855, 34.504024028778076, 34.84982919692993, 34.665223121643066, 34.93490529060364, 34.640876054763794, 34.56479811668396, 34.544180154800415, 34.98481297492981, 35.066025257110596, 34.35838198661804, 34.10297989845276, 33.59986615180969, 33.60701632499695, 35.71871995925903, 34.96380281448364, 33.90922999382019, 34.21224331855774, 76.72487998008728, 29.590231895446777, 30.568799018859863, 31.39291024208069, 32.16369986534119, 31.48385787010193, 32.36680889129639, 32.65805006027222, 32.89758801460266, 34.37363386154175, 35.273317098617554, 36.31760883331299, 35.834306955337524, 35.34439492225647, 34.848191022872925, 34.2838351726532, 34.61349296569824, 34.531102895736694, 35.00822186470032, 35.058205127716064, 34.6519250869751, 34.477277994155884, 33.86296200752258, 34.00340723991394, 33.707448959350586, 34.28503203392029, 33.9683620929718, 34.222373723983765, 34.298951864242554, 33.980672121047974, 34.29170083999634, 33.9165358543396, 34.227537870407104, 34.25569987297058, 33.930744886398315, 34.319180965423584, 16.481239080429077]}