{"train_loss": [0.012964927739455406], "val_loss": 0.013279969972358658, "val_accuracy": 0.5818684078352586, "batch_times": [34.16974091529846, 34.340036153793335, 34.272438049316406, 34.32340884208679, 34.3662588596344, 34.25031304359436, 34.05414795875549, 34.40711212158203, 34.5649619102478, 33.59051513671875, 33.655129194259644, 33.539467096328735, 33.282718896865845, 33.64494180679321, 33.54716992378235, 33.36700892448425, 33.38701891899109, 33.67551302909851, 33.98522686958313, 34.62531304359436, 34.8193199634552, 34.3136990070343, 34.45088481903076, 34.24630403518677, 34.44938397407532, 34.54750108718872, 34.22271990776062, 34.16445779800415, 34.80364203453064, 34.61647891998291, 34.24998188018799, 34.133065938949585, 33.28009223937988, 33.55701017379761, 33.709821939468384, 33.37768888473511, 33.687095165252686, 33.6004741191864, 33.432382106781006, 33.4567973613739, 34.039000034332275, 33.636902809143066, 34.330962896347046, 82.43613576889038, 30.437783002853394, 29.617990970611572, 31.599198818206787, 76.37030911445618, 29.720486164093018, 75.50192499160767, 29.632927179336548, 73.47107815742493, 80.33920526504517, 29.57653284072876, 84.33333206176758, 74.91099286079407, 29.773756980895996, 78.55008316040039, 81.4502739906311, 29.587893962860107, 79.52868103981018, 29.648405075073242, 78.62920069694519, 29.549968004226685, 29.85814619064331, 29.720569849014282, 73.7809488773346, 78.49089479446411, 29.631614923477173, 74.77928280830383, 29.656823873519897, 76.81077790260315, 77.5559732913971, 29.535232067108154, 84.57870984077454, 82.5967161655426, 29.604094982147217, 78.07513189315796, 77.04420685768127, 29.92895531654358, 60.50494432449341, 35.37021803855896, 33.86765694618225, 32.850592851638794, 30.650733947753906, 31.252258777618408, 31.54662775993347, 32.02552676200867, 30.294976949691772, 29.80812430381775, 30.02280282974243, 29.828718662261963, 29.796210050582886, 29.932086944580078, 29.8388090133667, 29.828150033950806, 29.94059109687805, 29.99135422706604, 29.813418865203857, 29.92583918571472, 30.012802839279175, 29.8401939868927, 29.916661977767944, 30.012757062911987, 30.06839919090271, 29.916383981704712, 29.926144123077393, 30.03338599205017, 29.95243811607361, 29.916371822357178, 29.938755989074707, 29.957947969436646, 29.87270998954773, 29.984236001968384, 30.034713983535767, 29.962554216384888, 30.084233045578003, 30.0350239276886, 71.27853584289551, 111.15536594390869, 77.16378283500671, 29.775120735168457, 68.47861099243164, 29.549429893493652, 79.36121582984924, 78.8411819934845, 29.598119020462036, 81.91362428665161, 72.0416612625122, 29.662042140960693, 68.87531280517578, 75.81447505950928, 29.820497751235962, 78.20993995666504, 29.53159785270691, 29.6949200630188, 32.363375186920166, 80.94169998168945, 30.03822088241577, 71.73692893981934, 82.26733803749084, 45.86268091201782, 30.264525175094604, 29.773056030273438, 30.18819499015808, 29.545753955841064, 29.51592993736267, 29.549571990966797, 29.64477801322937, 29.50497317314148, 29.551076889038086, 29.510517597198486, 29.57478928565979, 29.53975200653076, 29.51608109474182, 29.512840032577515, 83.92465305328369, 122.41783332824707, 121.64172101020813, 183.78922581672668, 112.41589903831482, 127.2383348941803, 167.20912170410156, 124.9856538772583, 123.1217668056488, 118.50887513160706, 168.7892837524414, 40.358702182769775, 79.5426938533783, 133.7521049976349, 78.66353511810303, 125.12312197685242, 167.37081909179688, 137.72545504570007, 128.68734788894653, 173.5209949016571, 115.65002274513245, 132.18574285507202, 159.32521796226501, 129.5648798942566, 120.49898910522461, 137.11398077011108, 175.0782971382141, 85.8871157169342, 70.97534275054932, 118.4876320362091, 125.81245875358582, 120.66893792152405, 30.113558769226074, 32.9605610370636, 30.811723947525024, 176.68652296066284, 116.01327109336853, 137.01333713531494, 174.63080096244812, 122.26564502716064, 134.82129311561584, 179.58699584007263, 116.80219101905823, 126.95939612388611, 123.03274703025818, 183.8234293460846, 138.15764617919922, 106.48193383216858, 172.50855135917664, 114.408860206604, 127.90707921981812, 175.52765798568726, 132.13847088813782, 124.19410300254822, 123.57930493354797, 174.58293795585632, 128.62281203269958, 116.27854585647583, 137.7238290309906, 157.02972197532654, 131.81064081192017, 138.50784301757812, 161.9402129650116, 126.56668090820312, 132.97386407852173, 169.45517802238464, 127.54938912391663, 110.75224304199219, 170.2712562084198, 122.17806792259216, 125.01705384254456, 120.28444695472717, 145.97511768341064, 122.47968411445618, 122.47391486167908, 165.59931707382202, 116.31046414375305, 127.78700590133667, 119.11741328239441, 171.10547709465027, 126.78354597091675, 130.4088819026947, 170.78096890449524, 128.62908816337585, 127.86593317985535, 166.6307191848755, 114.72209882736206, 116.4209520816803, 185.36995005607605, 92.2165036201477, 34.034892082214355, 30.53834319114685, 29.554036855697632, 30.00311803817749, 32.338423013687134, 29.861594915390015, 31.82782793045044, 31.72696805000305, 31.186753034591675, 30.53166127204895, 29.817315101623535, 29.771944046020508, 30.60626983642578, 29.821176767349243, 29.906350135803223, 30.341048002243042, 30.1825852394104, 30.423485040664673, 32.0462441444397, 31.64404821395874, 30.511379957199097, 30.1308171749115, 30.772660970687866, 29.863527059555054, 30.8207688331604, 31.25296902656555, 32.833637952804565, 30.55100417137146, 30.504955291748047, 30.10170602798462, 30.18504285812378, 30.09620714187622, 30.776130199432373, 31.436264991760254, 31.961244344711304, 31.983906030654907, 31.73031711578369, 30.625223875045776, 30.389127254486084, 30.47602081298828, 30.907753944396973, 30.598325967788696, 30.768508195877075, 30.917399883270264, 31.553364992141724, 31.704926013946533, 31.915618896484375, 73.41793203353882, 72.3552098274231, 31.96234703063965, 84.86076283454895, 75.91720414161682, 116.33905601501465, 79.72963523864746, 29.74823570251465, 73.27766180038452, 29.539130926132202, 71.82196593284607, 70.13680696487427, 29.535501718521118, 79.6386981010437, 80.35708594322205, 29.578492164611816, 72.74979996681213, 74.9773759841919, 29.77825617790222, 82.20843696594238, 29.5199077129364, 32.39901113510132, 40.07335305213928, 128.38502502441406, 49.7146110534668, 48.218562841415405, 43.296377182006836, 42.5181200504303, 41.502010345458984, 46.963412046432495, 44.802035093307495, 42.04932999610901, 40.35683798789978, 20.268593311309814]}