{"train_loss": [0.013377053886630791], "val_loss": 0.013461471410876773, "val_accuracy": 0.565796082370668, "batch_times": [30.864890336990356, 30.84941005706787, 31.104074954986572, 30.777376174926758, 30.925416946411133, 30.7433660030365, 30.719038009643555, 30.731385231018066, 31.266947269439697, 31.548176288604736, 31.47476887702942, 33.06768012046814, 32.073596715927124, 31.798681020736694, 31.62622380256653, 31.054708003997803, 31.05249285697937, 30.592466115951538, 30.97814917564392, 31.060924291610718, 32.24240183830261, 32.039206743240356, 34.04413080215454, 31.191951274871826, 31.025626182556152, 31.435704946517944, 31.056211948394775, 31.353678226470947, 31.287931203842163, 31.39825201034546, 31.72406792640686, 31.08347988128662, 30.69367790222168, 30.53710913658142, 30.473351001739502, 32.38673806190491, 30.95107102394104, 32.55348491668701, 31.021435260772705, 30.46884799003601, 30.20234704017639, 30.164057970046997, 30.33069086074829, 31.824644088745117, 32.68288516998291, 32.35024380683899, 31.260293006896973, 31.8189640045166, 32.58006405830383, 31.902348041534424, 32.01254320144653, 32.68297290802002, 32.36162805557251, 32.04697918891907, 30.67884087562561, 30.36031222343445, 82.07903385162354, 82.00197386741638, 113.0803279876709, 69.32709884643555, 33.17750692367554, 30.991660118103027, 30.93243384361267, 31.279661178588867, 32.37702226638794, 31.412429094314575, 31.720646142959595, 30.958356380462646, 31.75204086303711, 32.83819508552551, 32.27439999580383, 31.337273836135864, 31.75475788116455, 32.58132982254028, 31.53681707382202, 30.870700120925903, 31.4313383102417, 34.47044920921326, 32.10110330581665, 31.796072244644165, 32.74927806854248, 31.90297293663025, 31.266332864761353, 31.29200291633606, 31.218021154403687, 31.393106937408447, 31.668251991271973, 31.306737184524536, 32.81919717788696, 32.55181097984314, 31.057682037353516, 32.641417026519775, 32.84046912193298, 31.537766695022583, 32.73062610626221, 32.300902128219604, 34.83690690994263, 33.95033597946167, 33.18112587928772, 33.292360067367554, 33.19982576370239, 32.64148807525635, 32.41305088996887, 33.511337995529175, 31.053159952163696, 34.538207054138184, 32.470001220703125, 32.884626150131226, 33.00756502151489, 32.22203874588013, 31.82150387763977, 31.669940948486328, 31.696376085281372, 32.462969064712524, 33.058513879776, 31.32316517829895, 30.905616283416748, 30.985798120498657, 34.83879089355469, 35.47211408615112, 35.75640606880188, 33.11825513839722, 31.931862115859985, 31.729564905166626, 32.26891112327576, 31.864849090576172, 31.0173499584198, 33.522083044052124, 31.553433179855347, 31.6620090007782, 31.40602707862854, 32.58244514465332, 30.59548282623291, 31.443012952804565, 32.02124500274658, 30.513990879058838, 31.543807983398438, 31.821218967437744, 31.72652292251587, 32.068897008895874, 32.62160277366638, 31.86659574508667, 32.55702805519104, 33.31298303604126, 31.702505111694336, 33.76580500602722, 32.210318088531494, 31.23371386528015, 31.03881072998047, 31.167830228805542, 31.522680044174194, 33.047240018844604, 34.60415506362915, 31.97685408592224, 32.13421010971069, 31.64724373817444, 31.725884199142456, 32.708914041519165, 32.41032600402832, 31.69002103805542, 32.49549198150635, 32.19166374206543, 33.72019600868225, 33.82106304168701, 33.137568950653076, 34.330405950546265, 34.14001989364624, 31.88897466659546, 32.79165530204773, 32.05563282966614, 31.80608630180359, 31.578714847564697, 32.68469285964966, 31.985519886016846, 32.4038200378418, 32.20872712135315, 31.485172033309937, 31.4811053276062, 33.50603985786438, 32.953636169433594, 30.896923065185547, 30.559434413909912, 30.308840036392212, 30.280791997909546, 30.26087784767151, 30.01393413543701, 30.539429903030396, 33.232717990875244, 31.970937967300415, 35.380162954330444, 31.40019202232361, 34.712597131729126, 32.14971303939819, 38.1391019821167, 32.15217900276184, 30.509856939315796, 31.42292881011963, 31.34990906715393, 31.329566955566406, 31.17964506149292, 32.18536972999573, 32.558021068573, 31.616826057434082, 30.186351776123047, 34.228410959243774, 32.987481117248535, 32.7598090171814, 32.02605724334717, 30.6858549118042, 30.607964038848877, 68.22691702842712, 31.321964740753174, 31.64641499519348, 31.142823219299316, 31.26843786239624, 31.601269006729126, 31.29295516014099, 31.234021186828613, 31.650902032852173, 31.1039559841156, 31.892711877822876, 31.85539197921753, 30.339139938354492, 31.3489351272583, 32.08847498893738, 32.157888889312744, 31.340487957000732, 32.14779090881348, 31.572952032089233, 32.81022882461548, 31.37696409225464, 33.09307384490967, 32.29648804664612, 31.840755939483643, 32.187191009521484, 31.50617003440857, 31.408055067062378, 31.491262197494507, 32.365647077560425, 31.748586893081665, 33.079235792160034, 31.48455286026001, 32.192522048950195, 31.906282901763916, 31.212224006652832, 31.24879002571106, 32.413310050964355, 32.12740182876587, 30.67221188545227, 34.53106880187988, 31.84911274909973, 33.7015118598938, 31.242935180664062, 31.378859043121338, 32.74088191986084, 32.086381912231445, 32.64783787727356, 30.92145299911499, 31.070937156677246, 32.64598989486694, 31.94021701812744, 33.74657678604126, 32.54589605331421, 31.85968518257141, 30.531254053115845, 31.006381034851074, 32.841514110565186, 32.16793894767761, 32.832221031188965, 31.580328941345215, 33.082921266555786, 31.657098054885864, 33.082194328308105, 32.60616993904114, 30.081892728805542, 32.2332501411438, 32.466259241104126, 31.465819835662842, 31.39822793006897, 31.511683225631714, 33.01881289482117, 31.69709014892578, 32.05085206031799, 32.455556869506836, 33.42030429840088, 32.138883113861084, 32.87679386138916, 31.84166979789734, 31.82152795791626, 31.198155879974365, 32.33943009376526, 30.458277940750122, 32.06826996803284, 33.24854564666748, 36.032774925231934, 31.439636945724487, 83.94625782966614, 32.24498105049133, 71.74405908584595, 32.93103814125061, 31.972244024276733, 33.11118721961975, 32.69845390319824, 31.943996906280518, 32.56347870826721, 31.760571002960205, 34.550612926483154, 31.18336582183838, 31.05835485458374, 31.371222019195557, 33.70331072807312, 32.59197378158569, 31.328025102615356, 31.219258069992065, 31.536745071411133, 31.63429617881775, 31.28062105178833, 31.348172664642334, 31.32085394859314, 31.115710020065308, 31.394340753555298, 31.438027143478394, 32.296144008636475, 31.640977144241333, 31.686378717422485, 31.492265939712524, 15.282959938049316]}