{"train_loss": [0.012840833448535828], "val_loss": 0.013231412696782498, "val_accuracy": 0.5853842290306379, "batch_times": [30.96256113052368, 35.89454984664917, 33.76307201385498, 31.38840079307556, 30.927299976348877, 30.974134922027588, 30.949008226394653, 30.813936233520508, 30.896769046783447, 31.022350072860718, 31.125865936279297, 30.94957709312439, 30.865905046463013, 30.787601232528687, 30.918962001800537, 30.862140893936157, 30.991362810134888, 30.985573053359985, 30.887335777282715, 31.069734811782837, 30.982237100601196, 31.053905725479126, 30.863554000854492, 30.79608392715454, 30.940462112426758, 30.894484996795654, 30.99094295501709, 30.968374967575073, 31.022405862808228, 30.992289066314697, 30.86671495437622, 30.984148025512695, 30.96112322807312, 30.905836820602417, 30.96333408355713, 30.93558692932129, 30.956887006759644, 30.98130512237549, 31.301395893096924, 31.192126035690308, 32.140300989151, 31.15435290336609, 30.970522165298462, 31.085369110107422, 31.181944131851196, 31.107067108154297, 31.11702609062195, 31.20587968826294, 31.19609808921814, 31.23615264892578, 31.103722095489502, 30.96364402770996, 31.011698961257935, 31.021578788757324, 30.984610080718994, 30.98055410385132, 31.019815921783447, 31.081029891967773, 31.247525691986084, 31.02679705619812, 30.970421075820923, 30.99911093711853, 30.893912076950073, 30.869911909103394, 30.936203002929688, 30.789989948272705, 30.950954914093018, 30.942927837371826, 31.132044076919556, 31.006298780441284, 30.858284950256348, 30.935877799987793, 30.675365209579468, 30.70452618598938, 30.831440925598145, 30.71319603919983, 30.886658191680908, 30.995008945465088, 30.904157161712646, 30.829000234603882, 30.652422189712524, 30.60853099822998, 30.718837022781372, 30.64194107055664, 30.607586145401, 30.810061931610107, 30.78124690055847, 30.972671031951904, 31.048685789108276, 30.841012001037598, 30.83074188232422, 30.922856092453003, 30.79385280609131, 30.658615112304688, 30.69823408126831, 30.763515949249268, 30.833526134490967, 30.87211775779724, 30.88742709159851, 30.72700595855713, 30.748526096343994, 30.805723905563354, 31.702263116836548, 31.11361598968506, 31.009877920150757, 30.924588918685913, 31.029589653015137, 31.008286952972412, 30.908815145492554, 30.712233066558838, 30.77031707763672, 30.828938007354736, 30.81343102455139, 30.86548089981079, 30.72932720184326, 30.892815828323364, 30.713464736938477, 30.86619997024536, 30.79604196548462, 30.93954610824585, 30.690848112106323, 30.81546115875244, 30.907432079315186, 30.87151789665222, 30.795615196228027, 32.33811616897583, 30.898510932922363, 30.80233597755432, 30.8982253074646, 30.76236319541931, 30.92199993133545, 30.722328901290894, 30.72600793838501, 30.784448862075806, 31.14173197746277, 31.065773963928223, 30.801748037338257, 30.785232067108154, 30.748471975326538, 30.76139998435974, 30.731537103652954, 30.73551297187805, 30.706986904144287, 30.80644416809082, 30.909727096557617, 31.884235620498657, 31.580435037612915, 30.406392812728882, 30.133612155914307, 30.277442693710327, 30.194490909576416, 30.202127933502197, 30.029621124267578, 30.000593185424805, 30.40118908882141, 30.166059732437134, 30.2153000831604, 30.156206846237183, 30.097119092941284, 30.171032905578613, 30.137842893600464, 30.123379945755005, 30.32288694381714, 30.304290056228638, 30.413440942764282, 30.223083019256592, 30.225584030151367, 30.080424070358276, 30.055687189102173, 30.246235132217407, 30.39003086090088, 30.79476499557495, 30.19771695137024, 30.374404907226562, 30.29521417617798, 31.12750792503357, 30.421019077301025, 30.21875309944153, 30.207264184951782, 30.304998874664307, 30.10301113128662, 30.153798818588257, 30.113447904586792, 30.276171922683716, 30.416224002838135, 30.050882816314697, 30.15369701385498, 30.12706208229065, 30.180697679519653, 30.38926601409912, 30.282819986343384, 30.159987926483154, 30.238043308258057, 30.156418085098267, 30.242095232009888, 30.21753430366516, 30.149996042251587, 30.026108026504517, 30.104127883911133, 30.287925958633423, 30.149844884872437, 30.010211944580078, 30.13700795173645, 30.10208797454834, 30.299522876739502, 30.17971706390381, 30.565896034240723, 30.260819911956787, 30.308956146240234, 30.499239206314087, 30.23500919342041, 30.490291118621826, 30.29055118560791, 30.68350577354431, 30.79032015800476, 30.254582166671753, 29.926693201065063, 30.145183324813843, 30.01309323310852, 30.132895946502686, 29.847676277160645, 30.123734951019287, 29.73317313194275, 30.111912965774536, 30.008416175842285, 30.033424139022827, 29.893260955810547, 30.057143688201904, 29.889249086380005, 29.897156953811646, 30.057639837265015, 29.90458583831787, 30.049531936645508, 30.079266786575317, 30.02488112449646, 29.988614320755005, 29.95420503616333, 29.929356813430786, 29.895347118377686, 30.282848119735718, 29.847988843917847, 30.005518913269043, 29.907042980194092, 30.04647207260132, 30.019742965698242, 29.984162092208862, 29.914353132247925, 30.105734825134277, 29.816159963607788, 29.984659910202026, 29.824381113052368, 31.112802743911743, 30.945674896240234, 30.964720964431763, 30.949944257736206, 30.90456771850586, 30.83950114250183, 31.051248788833618, 30.818261861801147, 31.149848222732544, 30.92607283592224, 31.149517059326172, 30.901490926742554, 31.072108030319214, 30.88051128387451, 30.553720235824585, 30.422598838806152, 30.473687171936035, 30.27472686767578, 30.285797119140625, 30.21385908126831, 30.6558678150177, 30.31693196296692, 30.510969161987305, 30.221471071243286, 30.356048107147217, 30.311045169830322, 30.346624851226807, 30.251422882080078, 30.159244060516357, 30.241658687591553, 30.213800191879272, 30.07414484024048, 30.25468611717224, 30.141114234924316, 30.155992031097412, 30.220284938812256, 30.204290866851807, 30.181649208068848, 30.027270317077637, 30.033053874969482, 30.003400087356567, 30.145874977111816, 30.1408109664917, 30.022239923477173, 30.12569308280945, 30.047178983688354, 29.99659514427185, 29.922664880752563, 30.291351079940796, 30.342817068099976, 30.191766023635864, 30.200819969177246, 30.30228090286255, 30.368353843688965, 30.25527000427246, 30.235008001327515, 30.231746912002563, 30.42190194129944, 30.302568912506104, 30.227712869644165, 30.199143886566162, 30.491933822631836, 30.087414741516113, 30.152204036712646, 30.039150953292847, 30.01299500465393, 30.060192108154297, 30.07359004020691, 30.104647159576416, 30.29750394821167, 29.951547861099243, 30.087234020233154, 30.08175301551819, 30.29145383834839, 30.176061868667603, 14.53843903541565]}