{"train_loss": [0.01282425293751097], "val_loss": 0.013244227128394454, "val_accuracy": 0.585635359116022, "batch_times": [29.876892805099487, 30.61206889152527, 29.903300046920776, 29.687397003173828, 29.81877589225769, 30.278796195983887, 29.85765504837036, 29.838104248046875, 29.80712866783142, 29.96692991256714, 29.751771211624146, 29.86734414100647, 29.8403902053833, 29.80176019668579, 29.808621883392334, 29.825299978256226, 29.919373035430908, 29.773097038269043, 30.04691195487976, 29.741368055343628, 29.951421976089478, 29.759650945663452, 30.067495107650757, 29.824812650680542, 29.91408896446228, 29.63904595375061, 29.903839111328125, 29.796605110168457, 30.004716157913208, 29.765114784240723, 29.919477939605713, 30.66960597038269, 30.08440113067627, 29.8373601436615, 29.729305028915405, 29.83518099784851, 29.78131890296936, 29.862303018569946, 29.823933839797974, 30.084400177001953, 29.78831195831299, 29.800087928771973, 29.790672779083252, 29.727202892303467, 29.656382083892822, 29.682809114456177, 30.036470890045166, 29.747761249542236, 29.852864027023315, 29.67163896560669, 29.83870792388916, 29.741586923599243, 29.802055835723877, 29.74135684967041, 29.919261932373047, 29.694645881652832, 29.859505891799927, 29.622255086898804, 29.843668937683105, 29.71501111984253, 29.996381998062134, 29.792465209960938, 29.93220019340515, 29.743093967437744, 29.721671104431152, 29.9507839679718, 29.751423835754395, 29.825725078582764, 29.689493894577026, 29.888038873672485, 29.79942297935486, 29.78682017326355, 29.80390191078186, 29.71386194229126, 29.774245262145996, 29.666950225830078, 29.977365970611572, 29.659945011138916, 29.817581176757812, 29.761883020401, 29.896678924560547, 29.71296501159668, 29.759989976882935, 29.64152479171753, 29.83938503265381, 29.677819967269897, 29.812506198883057, 29.611514806747437, 29.924302101135254, 29.65941023826599, 29.852761030197144, 29.741585969924927, 29.741392135620117, 29.659122228622437, 29.82458209991455, 29.874046087265015, 29.70762586593628, 29.740899801254272, 29.865545988082886, 29.78191900253296, 29.813041925430298, 29.832087993621826, 30.48100996017456, 29.842928886413574, 29.826985120773315, 29.834834098815918, 29.97205376625061, 29.826108932495117, 29.969659090042114, 29.876569271087646, 29.956817865371704, 29.957926034927368, 29.90601921081543, 29.964367866516113, 29.84587287902832, 29.92880606651306, 29.835720777511597, 30.015083074569702, 29.87536907196045, 29.996696949005127, 30.040237188339233, 30.467329025268555, 30.23922824859619, 29.98248600959778, 29.938521146774292, 30.050421953201294, 29.82860517501831, 29.870822191238403, 29.978832006454468, 29.982402801513672, 30.254317045211792, 30.034229040145874, 30.06040596961975, 29.99830913543701, 30.295971870422363, 30.03969120979309, 29.995723009109497, 29.964213132858276, 29.872201919555664, 30.080114364624023, 29.96623730659485, 29.905251264572144, 29.99522089958191, 29.987591981887817, 29.845324754714966, 30.565799951553345, 30.26105809211731, 31.717921018600464, 30.312785863876343, 30.103616952896118, 30.067219972610474, 30.309442043304443, 30.381192207336426, 30.11935806274414, 30.367099285125732, 30.230460166931152, 30.439704179763794, 30.210312843322754, 30.44995903968811, 30.189379930496216, 30.21100401878357, 30.329242944717407, 30.449034929275513, 30.2944598197937, 30.375296115875244, 30.121495723724365, 30.42321801185608, 30.236913919448853, 30.186028718948364, 30.23868703842163, 30.466619968414307, 30.257072687149048, 30.265258073806763, 30.246535778045654, 30.42152976989746, 30.311954975128174, 30.66886806488037, 30.040710926055908, 30.191086769104004, 29.92329716682434, 30.121644020080566, 30.232407808303833, 30.040317058563232, 29.870075225830078, 30.02148199081421, 30.066349029541016, 33.08028817176819, 31.386099815368652, 31.692867755889893, 30.971487998962402, 31.258654832839966, 31.62469792366028, 31.32862114906311, 31.152268171310425, 31.082648038864136, 31.124263763427734, 31.364665031433105, 31.204566955566406, 31.18545913696289, 31.150256156921387, 31.15843415260315, 31.40985107421875, 31.277546882629395, 31.2060329914093, 31.72053289413452, 32.51410984992981, 31.583189964294434, 31.240005254745483, 31.215046882629395, 31.19889259338379, 31.097329139709473, 31.22185778617859, 31.060975074768066, 31.136876106262207, 31.113221168518066, 31.329472064971924, 31.082646131515503, 31.29561185836792, 31.10518193244934, 31.12316083908081, 31.28812003135681, 31.31004810333252, 31.199066162109375, 31.069274187088013, 31.382056951522827, 31.198556184768677, 31.092716217041016, 31.06189203262329, 31.052052974700928, 31.283188819885254, 31.42157220840454, 31.053917169570923, 31.209299325942993, 31.150346994400024, 31.343048810958862, 31.50112795829773, 31.3160502910614, 31.265626192092896, 31.32697081565857, 31.181108951568604, 31.263615369796753, 31.186914682388306, 31.171047925949097, 31.052996158599854, 31.05471706390381, 30.99424409866333, 30.90617799758911, 30.963033199310303, 31.223891019821167, 31.570211172103882, 31.128614902496338, 31.05881404876709, 31.071563005447388, 31.258817195892334, 31.27325701713562, 31.40603804588318, 31.404160022735596, 31.400269746780396, 31.444128036499023, 31.433233976364136, 31.384428024291992, 31.3356990814209, 31.378745794296265, 31.334352016448975, 31.139108180999756, 31.285515069961548, 31.128193855285645, 31.150763750076294, 32.61750817298889, 31.47087812423706, 31.130526304244995, 31.072168827056885, 31.09788703918457, 31.155048847198486, 31.256370306015015, 31.26313543319702, 31.111717700958252, 31.1445791721344, 31.125049829483032, 31.101269960403442, 31.105866193771362, 31.123772859573364, 31.179343223571777, 31.091362953186035, 31.157203912734985, 31.127031087875366, 31.13310194015503, 31.10663604736328, 31.22900390625, 30.988787174224854, 31.089422941207886, 31.06549072265625, 31.13161277770996, 31.02163314819336, 31.031719207763672, 31.155795097351074, 31.057131052017212, 31.18193507194519, 31.145137310028076, 31.09961485862732, 31.10176992416382, 31.534074783325195, 31.314886808395386, 31.155762910842896, 31.166234731674194, 31.061814069747925, 31.058245182037354, 31.51603412628174, 31.404270887374878, 31.160778045654297, 31.07819390296936, 31.071458101272583, 31.153011083602905, 31.177962064743042, 31.0085711479187, 31.19461703300476, 31.151242971420288, 31.397156715393066, 31.20659112930298, 31.243434190750122, 31.258251190185547, 31.424306869506836, 31.17673897743225, 31.202378034591675, 31.19267201423645, 31.185422897338867, 15.062258958816528]}