{"train_loss": [0.012818463538015312], "val_loss": 0.013250052138635362, "val_accuracy": 0.5909090909090909, "batch_times": [31.8138370513916, 31.127753973007202, 30.91076922416687, 30.91811490058899, 31.032582998275757, 31.021470069885254, 30.9910888671875, 30.986967086791992, 31.04021406173706, 30.952702283859253, 30.960565090179443, 31.037099838256836, 30.91027307510376, 30.960512161254883, 30.973536014556885, 30.95556402206421, 30.895138025283813, 30.80487895011902, 30.875303030014038, 30.924139976501465, 30.769620895385742, 31.293682098388672, 30.811742305755615, 30.837401151657104, 30.782801866531372, 30.960256099700928, 30.774608850479126, 30.830871105194092, 30.78812289237976, 30.889868021011353, 31.021406888961792, 31.83089303970337, 31.235855102539062, 31.026817083358765, 30.856351852416992, 30.844631910324097, 30.965770959854126, 30.716292142868042, 30.86760663986206, 30.963682174682617, 30.870898962020874, 30.926177740097046, 30.769413948059082, 30.78370714187622, 30.813984155654907, 30.676838159561157, 30.658010005950928, 30.47559928894043, 30.802083015441895, 30.754820823669434, 30.80551505088806, 30.62136483192444, 30.60885190963745, 30.787313222885132, 30.90909719467163, 30.683233976364136, 30.77394413948059, 30.74496579170227, 30.74920892715454, 30.674386978149414, 30.93612003326416, 30.562016010284424, 30.70863914489746, 30.56510090827942, 30.673353910446167, 30.728013277053833, 30.609648942947388, 30.525302171707153, 30.725554943084717, 30.71573495864868, 30.601364135742188, 30.61886715888977, 30.33553981781006, 30.68685007095337, 30.546422958374023, 30.680531978607178, 30.765241861343384, 30.6074378490448, 30.67953085899353, 30.729607105255127, 30.724949836730957, 30.442111015319824, 30.589725971221924, 30.625949144363403, 30.52927017211914, 30.59195899963379, 30.614701986312866, 30.731124877929688, 30.58759307861328, 30.698593854904175, 30.52913212776184, 30.627466917037964, 30.609357118606567, 31.630401849746704, 31.866564750671387, 30.901865005493164, 30.707130908966064, 30.841720819473267, 30.67544913291931, 30.917280673980713, 30.761189222335815, 30.729399919509888, 30.635469913482666, 30.690078020095825, 30.767611026763916, 30.794596910476685, 30.8571560382843, 30.652188777923584, 32.231295108795166, 31.874852895736694, 30.704071283340454, 30.800523042678833, 30.799214839935303, 30.655601024627686, 30.845996141433716, 30.638064861297607, 30.862855911254883, 31.828649044036865, 30.99756908416748, 30.78667116165161, 30.605245113372803, 30.640914916992188, 30.61519503593445, 30.463062047958374, 30.584617853164673, 30.542783975601196, 30.77773904800415, 30.736227989196777, 30.80184507369995, 30.6134090423584, 30.58212184906006, 30.641090154647827, 30.856219053268433, 30.755331993103027, 30.662123203277588, 30.676605939865112, 30.791589975357056, 30.767268896102905, 30.859522104263306, 30.92907977104187, 30.84463095664978, 30.9182550907135, 30.95798897743225, 30.86482882499695, 30.98253893852234, 30.994354248046875, 30.91371202468872, 30.995655298233032, 30.83936882019043, 30.96695899963379, 31.13657307624817, 30.959422826766968, 30.855273008346558, 30.744695901870728, 30.87950587272644, 30.758793830871582, 30.858572959899902, 30.94088888168335, 30.85232901573181, 30.85247492790222, 30.86382293701172, 30.818104028701782, 30.844359874725342, 31.552813053131104, 31.21308398246765, 31.8228120803833, 30.883145093917847, 30.924485206604004, 30.69836115837097, 30.68301272392273, 30.712495803833008, 30.753008127212524, 30.720977067947388, 30.777327060699463, 30.56922221183777, 30.67694592475891, 30.672992944717407, 30.888288021087646, 30.68885111808777, 30.731033086776733, 30.648216724395752, 30.704797983169556, 30.661495685577393, 30.64779019355774, 30.84745693206787, 30.785665035247803, 30.774519205093384, 30.818161010742188, 30.742446184158325, 30.70568013191223, 30.704631090164185, 30.662806034088135, 30.8182110786438, 30.849772214889526, 30.968353033065796, 30.836627960205078, 30.99117112159729, 30.836977005004883, 30.833765029907227, 30.81681203842163, 30.894425868988037, 30.812002182006836, 30.836107969284058, 30.816298007965088, 30.837247848510742, 30.773773193359375, 31.095481157302856, 31.109995126724243, 31.05412197113037, 31.105720043182373, 30.914328813552856, 30.896098852157593, 30.866034984588623, 30.931562900543213, 31.635289907455444, 31.144485235214233, 31.0439670085907, 30.91133689880371, 30.71929097175598, 30.95348286628723, 30.88493323326111, 30.969610929489136, 31.11578392982483, 31.25337290763855, 31.302270889282227, 30.962785959243774, 32.132086992263794, 34.549225091934204, 35.19418406486511, 35.49925398826599, 33.36794400215149, 30.927613019943237, 31.028428077697754, 31.097404956817627, 31.69473123550415, 31.086594104766846, 35.639923095703125, 34.11920189857483, 34.16183614730835, 31.365198135375977, 31.206687927246094, 31.151824951171875, 31.00166606903076, 31.11355495452881, 31.241313695907593, 31.07592010498047, 30.98852515220642, 31.020161628723145, 31.33747410774231, 31.23683786392212, 30.98736000061035, 31.15479803085327, 31.086787223815918, 31.0893611907959, 31.10566806793213, 30.99533176422119, 31.12367296218872, 31.375262022018433, 30.97228693962097, 31.077910900115967, 31.03682589530945, 31.25853991508484, 31.126256942749023, 31.208809852600098, 31.202484130859375, 31.0764000415802, 31.33033514022827, 31.522522687911987, 31.53724217414856, 31.291680097579956, 31.142204761505127, 31.34933829307556, 31.14060091972351, 31.070327043533325, 31.180737018585205, 30.948111295700073, 31.08798384666443, 31.047929048538208, 30.931031942367554, 31.00652289390564, 31.0624041557312, 31.087982654571533, 31.25503396987915, 31.17098903656006, 31.181029796600342, 30.940847873687744, 31.355222940444946, 31.170444011688232, 31.460763931274414, 31.491682767868042, 31.720745086669922, 31.390846014022827, 31.38041377067566, 31.396421909332275, 31.27675199508667, 31.50334596633911, 31.26587700843811, 31.107460975646973, 31.112417936325073, 31.16559410095215, 31.10524582862854, 31.266799926757812, 31.420440912246704, 31.168421030044556, 31.03484582901001, 31.160365104675293, 31.291481018066406, 31.18353509902954, 31.225844860076904, 30.97209405899048, 31.0254967212677, 31.14870285987854, 31.209928035736084, 30.966207027435303, 31.231466054916382, 31.21215510368347, 31.057169914245605, 31.201531887054443, 31.149845123291016, 31.167576789855957, 31.293354034423828, 31.292157888412476, 31.14431595802307, 31.295382022857666, 31.069854974746704, 31.035818815231323, 14.985512971878052]}