{"train_loss": [0.012805139649018745], "val_loss": 0.013233468096123817, "val_accuracy": 0.5894023103967856, "batch_times": [85.2482922077179, 29.64466404914856, 29.555063009262085, 76.08736515045166, 29.634521961212158, 72.31991410255432, 82.77600312232971, 30.54737401008606, 83.98742389678955, 79.61506009101868, 29.914180040359497, 73.07317090034485, 78.78527283668518, 30.044241905212402, 77.19874310493469, 29.592540979385376, 79.97613620758057, 79.41551613807678, 29.59819769859314, 29.677680015563965, 30.19050884246826, 85.85004091262817, 29.660941123962402, 75.4473168849945, 77.06290602684021, 29.97241497039795, 77.6654531955719, 29.550300121307373, 75.72309470176697, 70.16584396362305, 29.57045078277588, 75.74011206626892, 73.7399890422821, 29.644800901412964, 83.58469915390015, 74.20434999465942, 29.806447982788086, 75.69727492332458, 29.523014068603516, 29.640653133392334, 30.50376605987549, 31.867868900299072, 31.80205488204956, 31.585707187652588, 32.424875020980835, 32.05496382713318, 31.856151819229126, 32.462295055389404, 32.48934197425842, 31.857102870941162, 35.40835905075073, 34.54604697227478, 33.32947301864624, 32.771722078323364, 31.999091863632202, 32.84897994995117, 32.80321002006531, 33.05275821685791, 33.139886140823364, 32.691030979156494, 32.3858380317688, 33.05312991142273, 32.998329162597656, 33.54788780212402, 34.16223478317261, 34.582338094711304, 34.60580897331238, 34.156718015670776, 34.243242263793945, 33.654765129089355, 34.45534110069275, 34.81941318511963, 34.74770998954773, 34.70310592651367, 34.28346300125122, 34.12473392486572, 33.996198892593384, 34.46622014045715, 34.432278871536255, 34.3985550403595, 34.472591161727905, 33.932772159576416, 34.02120304107666, 34.17203211784363, 34.748939037323, 35.238609790802, 35.0487802028656, 35.10131502151489, 34.838250160217285, 35.04530882835388, 35.066396951675415, 34.8738739490509, 34.77139902114868, 34.70923686027527, 35.00293684005737, 35.01576805114746, 34.89587998390198, 34.18793296813965, 33.82258200645447, 34.040839195251465, 33.83916521072388, 33.89811897277832, 33.87988829612732, 34.36989712715149, 34.27615189552307, 34.21633696556091, 34.26016807556152, 33.9442720413208, 34.297569036483765, 34.11679005622864, 34.15968894958496, 34.96975612640381, 35.4334762096405, 35.377166748046875, 34.99299883842468, 35.12950921058655, 34.89739799499512, 34.894217014312744, 35.60232186317444, 33.953049659729004, 33.94575905799866, 33.902894258499146, 34.08558368682861, 34.31848692893982, 34.05044412612915, 34.21246600151062, 34.194612979888916, 34.22504925727844, 33.90485715866089, 34.251569747924805, 34.32092809677124, 34.16249918937683, 34.27743196487427, 34.15788388252258, 34.30898308753967, 34.64473581314087, 34.893165826797485, 35.15757489204407, 35.35645580291748, 35.06466102600098, 34.8411967754364, 34.93446493148804, 34.13765621185303, 34.07115983963013, 33.79533123970032, 33.72196984291077, 33.73647618293762, 34.21778917312622, 34.17669701576233, 34.02907991409302, 34.37265992164612, 34.2890510559082, 34.03464889526367, 34.00115394592285, 33.97148585319519, 34.02040386199951, 34.77206301689148, 34.72796010971069, 35.609659910202026, 72.17752695083618, 30.70599102973938, 31.36749505996704, 32.54691505432129, 32.02549600601196, 32.51944017410278, 32.54050302505493, 32.719244956970215, 32.8515682220459, 34.51713013648987, 35.69586992263794, 36.276732206344604, 35.74353790283203, 35.40442681312561, 35.22303891181946, 34.89604091644287, 34.2863450050354, 34.52083778381348, 34.477052211761475, 34.5966682434082, 34.5446240901947, 34.91673517227173, 34.9454128742218, 34.690346002578735, 34.868852853775024, 34.79538011550903, 35.07924294471741, 34.63987731933594, 34.61632013320923, 34.682844161987305, 34.869930267333984, 34.23172187805176, 33.83492088317871, 33.95179605484009, 33.801063776016235, 34.29582691192627, 33.99398493766785, 34.01367807388306, 33.941171169281006, 34.29921507835388, 34.23937487602234, 34.03709578514099, 34.43345522880554, 34.29795289039612, 34.042304039001465, 34.678107023239136, 34.94552803039551, 35.393742084503174, 34.89801096916199, 35.253973960876465, 35.04136419296265, 34.76496720314026, 34.99325680732727, 34.76676106452942, 34.47789001464844, 33.86499524116516, 34.03507685661316, 34.04589915275574, 33.89958381652832, 34.081198930740356, 33.98813319206238, 34.36511516571045, 34.18385195732117, 34.100909948349, 34.25030565261841, 33.88001108169556, 34.42493510246277, 34.90964198112488, 35.38800382614136, 35.20737981796265, 34.982744216918945, 35.09716606140137, 34.70735502243042, 34.97655200958252, 34.650630950927734, 35.05373692512512, 34.240219831466675, 33.77823829650879, 33.94408321380615, 33.80510210990906, 33.875412940979004, 33.94556379318237, 34.21225595474243, 34.37140917778015, 74.75312805175781, 29.55959701538086, 31.68261694908142, 31.525745153427124, 32.6210560798645, 32.21695518493652, 32.84296107292175, 32.93276524543762, 33.35231804847717, 33.4471480846405, 34.25920224189758, 34.873921155929565, 36.35366487503052, 35.918596267700195, 35.43057107925415, 34.7893750667572, 34.52457809448242, 34.3488130569458, 34.28913998603821, 34.86404204368591, 34.837756872177124, 35.04433608055115, 34.71749401092529, 34.85580897331238, 35.14748001098633, 34.69339990615845, 34.90503287315369, 34.58706188201904, 34.70667099952698, 34.13481307029724, 33.930694818496704, 33.924176931381226, 33.78574800491333, 34.13026213645935, 33.87408804893494, 34.27759623527527, 34.34308910369873, 33.91673302650452, 34.348893880844116, 33.913182973861694, 34.22955012321472, 34.17291283607483, 34.91634678840637, 35.33525276184082, 35.050437211990356, 35.18407225608826, 34.8238570690155, 35.006555795669556, 34.68250489234924, 34.84094595909119, 34.3099148273468, 33.92633390426636, 33.96804881095886, 33.8068311214447, 34.13859581947327, 34.02591800689697, 34.361550092697144, 33.891401052474976, 34.25559186935425, 34.2164990901947, 34.02260899543762, 34.224082946777344, 33.91350817680359, 34.267842054367065, 34.530436992645264, 34.82277202606201, 35.35706186294556, 34.99495482444763, 35.181169748306274, 35.08972978591919, 34.748274087905884, 35.05729293823242, 34.74681091308594, 34.37443494796753, 34.35663175582886, 34.03918695449829, 33.9983549118042, 33.98553276062012, 34.24218392372131, 33.97536587715149, 34.21731877326965, 34.00057101249695, 34.28358173370361, 16.438181161880493]}