{"train_loss": [1.5093046206776741], "val_loss": 1.5209213601207134, "val_accuracy": 0.5775991963837268, "batch_times": [29.31547212600708, 74.47959685325623, 76.6238660812378, 29.25962495803833, 77.24384093284607, 84.14463806152344, 29.4064199924469, 82.2960877418518, 29.304190158843994, 77.78967499732971, 76.84557008743286, 29.53283405303955, 61.38229203224182, 34.355774879455566, 34.96724581718445, 30.732702016830444, 31.122684717178345, 30.222942352294922, 31.598421096801758, 31.537993907928467, 29.640121698379517, 29.597906827926636, 29.61026406288147, 29.521894931793213, 29.47124671936035, 29.641974925994873, 29.51913595199585, 29.50742769241333, 29.6785888671875, 29.66683793067932, 29.488717079162598, 29.657432079315186, 29.65234684944153, 29.51189088821411, 29.607179880142212, 29.6961190700531, 29.769762992858887, 29.596847772598267, 29.603988885879517, 29.70316505432129, 29.669857025146484, 29.595636129379272, 29.629139184951782, 29.65060806274414, 29.56791877746582, 29.625725984573364, 29.717265844345093, 29.678260803222656, 29.76011896133423, 29.77119207382202, 71.00557112693787, 110.86491298675537, 29.3547580242157, 76.95150804519653, 68.14662384986877, 29.24669098854065, 79.05578303337097, 78.54091310501099, 29.294102668762207, 81.5972101688385, 71.6372709274292, 29.45485496520996, 68.5472481250763, 29.270478010177612, 75.77229690551758, 77.88701701164246, 29.257155656814575, 29.22317099571228, 32.18751096725464, 29.385390996932983, 80.61392283439636, 71.70880103111267, 29.444604873657227, 81.89680814743042, 46.10639190673828, 29.40091896057129, 30.108001947402954, 29.248605012893677, 29.226553678512573, 29.249053955078125, 29.283597946166992, 29.27349591255188, 29.265058040618896, 29.20884609222412, 29.227259874343872, 29.270303964614868, 29.25297999382019, 29.22496509552002, 31.35586714744568, 121.61464715003967, 122.00991201400757, 137.37987112998962, 172.0105972290039, 117.98311185836792, 116.88038516044617, 126.6761782169342, 171.70811796188354, 113.97785997390747, 121.82688689231873, 136.73957705497742, 30.737641096115112, 131.46725821495056, 80.40204906463623, 122.12464690208435, 125.4869749546051, 122.7418200969696, 184.41685819625854, 128.72227478027344, 125.84498000144958, 115.35264706611633, 171.4780433177948, 119.48968005180359, 129.2788679599762, 175.89005589485168, 134.74088406562805, 121.12743091583252, 85.82943797111511, 70.43936586380005, 118.17535781860352, 169.35146117210388, 76.7415201663971, 30.38675308227539, 31.966158866882324, 85.71750688552856, 121.09462809562683, 115.67173385620117, 185.42698788642883, 125.75683879852295, 121.90529799461365, 185.9282190799713, 127.87357521057129, 116.53370785713196, 126.63744401931763, 122.70852780342102, 183.54330611228943, 137.8687150478363, 106.18921113014221, 172.22080373764038, 114.0793149471283, 127.6039879322052, 175.21277904510498, 131.84855699539185, 123.91710901260376, 123.27552580833435, 174.31114602088928, 128.31616592407227, 115.97440981864929, 137.44025230407715, 156.65919494628906, 131.56117510795593, 138.20989322662354, 161.6264979839325, 126.23203778266907, 132.6582808494568, 127.51890277862549, 168.74968600273132, 110.62957787513733, 121.8353271484375, 122.88820624351501, 171.83107089996338, 119.99753284454346, 106.59335398674011, 161.30383610725403, 122.21951603889465, 114.09104371070862, 124.98112320899963, 169.79714488983154, 118.70670986175537, 129.73779702186584, 123.5485610961914, 174.1922619342804, 121.29955720901489, 126.24009585380554, 178.81556916236877, 122.90257573127747, 113.21152520179749, 117.00741696357727, 177.89444828033447, 124.02624011039734, 50.598665952682495, 32.29936408996582, 29.228219985961914, 29.27940011024475, 30.833413124084473, 30.94775915145874, 31.096771955490112, 30.584233045578003, 31.551366090774536, 30.83551001548767, 29.615185976028442, 29.442811965942383, 30.322071075439453, 29.537210941314697, 29.561577796936035, 29.72004008293152, 29.819650888442993, 30.072349071502686, 30.96477484703064, 31.068385124206543, 31.165256023406982, 30.1203191280365, 30.63114023208618, 29.596569061279297, 30.081948041915894, 30.343164920806885, 30.964669942855835, 32.277225971221924, 30.53744912147522, 29.816721200942993, 29.781417846679688, 29.75666308403015, 29.833027124404907, 30.952992916107178, 31.193109035491943, 31.563621997833252, 31.597163915634155, 31.253392934799194, 30.213087797164917, 30.073817253112793, 30.22076988220215, 30.57632303237915, 30.238366842269897, 30.627604007720947, 30.562899112701416, 31.172899961471558, 31.425386905670166, 31.484147787094116, 73.06044006347656, 74.48944282531738, 29.252115964889526, 84.59457516670227, 75.95486998558044, 115.70077610015869, 79.61596584320068, 29.295479774475098, 73.00218486785889, 29.234386205673218, 71.54163408279419, 69.84878277778625, 29.255401134490967, 79.34910416603088, 80.02109217643738, 29.32638192176819, 72.45265293121338, 74.66008996963501, 29.507423162460327, 81.92263293266296, 29.225390911102295, 31.534648180007935, 36.124855756759644, 132.0872519016266, 45.84956216812134, 49.18717408180237, 43.27836608886719, 42.367506980895996, 40.93838691711426, 43.11377215385437, 46.93721079826355, 42.88160514831543, 40.08309197425842, 40.8480019569397, 41.63162183761597, 41.825807094573975, 35.35487198829651, 30.23120617866516, 32.333746910095215, 30.999725103378296, 30.50708770751953, 29.691004037857056, 29.872912883758545, 29.806100130081177, 29.6495521068573, 29.757972955703735, 29.95029592514038, 30.082310914993286, 29.606735229492188, 29.571821928024292, 29.522969961166382, 29.60237407684326, 29.717983961105347, 29.62410807609558, 38.39918065071106, 30.998520135879517, 31.18144917488098, 30.74798607826233, 30.669933080673218, 30.674766063690186, 30.797266006469727, 30.918415069580078, 30.803181171417236, 30.57186484336853, 30.916003942489624, 30.75140619277954, 31.231132984161377, 31.178280115127563, 30.852624893188477, 30.69015407562256, 30.646548986434937, 32.32136821746826, 31.561065196990967, 31.172325134277344, 31.14129114151001, 31.169652223587036, 31.52557682991028, 31.205768823623657, 31.04520606994629, 31.179571866989136, 31.081790924072266, 31.4551899433136, 31.266508102416992, 31.184875011444092, 31.139348030090332, 31.404149055480957, 31.330590963363647, 31.3473961353302, 31.367833852767944, 31.148144960403442, 32.96731400489807, 34.58953404426575, 36.84100317955017, 184.02546572685242, 115.03660297393799, 112.13843202590942, 172.1032440662384, 123.2674400806427, 127.71781826019287, 112.5246250629425]}