{"train_loss": [1.3135248736237115], "val_loss": 1.367381961954014, "val_accuracy": 0.6047212456052236, "batch_times": [33.88567495346069, 33.704843044281006, 34.12410020828247, 34.098312854766846, 33.755430936813354, 33.96952986717224, 33.69608402252197, 33.6469566822052, 34.64496994018555, 34.936304807662964, 35.11591696739197, 34.87839984893799, 34.734991788864136, 34.35038423538208, 34.764589071273804, 33.79947304725647, 33.7122528553009, 33.68261480331421, 33.40453290939331, 33.842140913009644, 33.89928984642029, 33.95297193527222, 33.62155604362488, 33.99562096595764, 33.940162897109985, 33.67696690559387, 33.73167014122009, 34.539677143096924, 34.95676898956299, 34.87753510475159, 34.788504123687744, 34.77341604232788, 34.53188109397888, 34.29053592681885, 34.74907088279724, 34.66098618507385, 34.51902389526367, 88.31699013710022, 29.290436267852783, 30.416013956069946, 30.9793860912323, 32.1665472984314, 31.050925254821777, 32.28100514411926, 31.99066185951233, 32.38438391685486, 32.73793697357178, 32.48654294013977, 33.52623271942139, 34.395928144454956, 35.118271827697754, 34.81051182746887, 34.525728940963745, 34.68534874916077, 34.38159704208374, 34.83412504196167, 34.470520973205566, 34.40747594833374, 34.11385703086853, 34.1221981048584, 34.452407121658325, 34.24575090408325, 34.64305090904236, 34.31126284599304, 34.51678419113159, 34.58715510368347, 34.6111958026886, 34.068257093429565, 33.48047733306885, 33.602609157562256, 33.32099890708923, 33.64112997055054, 33.42916417121887, 33.898916244506836, 33.96302795410156, 33.688798904418945, 33.63264989852905, 34.06536817550659, 33.88992381095886, 33.48376393318176, 34.27095866203308, 34.85815620422363, 34.703797817230225, 35.04589629173279, 34.57667899131775, 34.52898716926575, 34.47505068778992, 34.61678433418274, 34.538166761398315, 33.568650007247925, 33.67887997627258, 33.395118951797485, 33.75337076187134, 33.68365693092346, 34.05077290534973, 34.004634857177734, 33.62844395637512, 33.94760823249817, 33.60232186317444, 33.936970949172974, 33.561864376068115, 33.95738625526428, 33.860257148742676, 34.58826994895935, 34.96971678733826, 34.82336902618408, 34.7949960231781, 34.382668018341064, 34.63767099380493, 34.66426968574524, 34.42962312698364, 33.85542917251587, 33.558279037475586, 33.63288688659668, 33.33256220817566, 33.705896854400635, 33.55283188819885, 33.95540404319763, 33.98062181472778, 33.73511004447937, 33.54958510398865, 33.766884088516235, 33.886107206344604, 33.68392014503479, 33.99363303184509, 34.2242169380188, 34.55843710899353, 35.208009243011475, 35.1177499294281, 34.62971496582031, 34.64488410949707, 34.59130501747131, 34.612448930740356, 34.176842212677, 33.86890697479248, 33.57406997680664, 33.67756795883179, 33.459900856018066, 33.829092025756836, 33.907567739486694, 33.604281187057495, 33.894948959350586, 33.670849084854126, 34.08235216140747, 33.630839824676514, 34.00149083137512, 33.72124910354614, 33.7700138092041, 34.18284296989441, 34.93922185897827, 35.073808908462524, 34.55129599571228, 34.73267912864685, 34.57608723640442, 34.556822061538696, 34.35460805892944, 34.085896253585815, 33.783480167388916, 33.40650510787964, 33.63934397697449, 33.37896800041199, 33.920814037323, 33.8975989818573, 33.72072696685791, 33.563989877700806, 34.30594205856323, 33.99885821342468, 33.68276619911194, 33.980896949768066, 33.9183988571167, 33.587397813797, 34.020668268203735, 33.83656024932861, 34.335307121276855, 34.790334939956665, 35.00248599052429, 34.73773503303528, 34.42939901351929, 34.59749722480774, 34.213622093200684, 34.012797117233276, 33.468910217285156, 33.691702127456665, 33.78974390029907, 33.52046227455139, 33.8878071308136, 33.63158822059631, 33.83456110954285, 33.56581091880798, 34.09518122673035, 33.788041830062866, 33.79184103012085, 33.626312017440796, 34.255622148513794, 34.75240111351013, 34.717761754989624, 35.02061700820923, 34.46071195602417, 34.79370093345642, 34.41122484207153, 34.54069805145264, 34.488609075546265, 33.60434103012085, 33.71723699569702, 33.34189200401306, 33.66991329193115, 33.76202917098999, 33.685673236846924, 33.67759895324707, 33.840370893478394, 33.845561027526855, 33.57931900024414, 33.852867126464844, 33.94081926345825, 33.654298067092896, 33.964049100875854, 33.70801377296448, 33.82647109031677, 34.553359270095825, 34.758208990097046, 34.732123136520386, 34.84968328475952, 34.67112112045288, 34.337273836135864, 34.612260818481445, 33.68825316429138, 33.3902587890625, 33.50853896141052, 33.73770308494568, 33.78784894943237, 33.59250617027283, 33.8950309753418, 33.63396191596985, 34.02484488487244, 33.66778492927551, 33.816463232040405, 33.71890711784363, 34.55096983909607, 34.90762495994568, 34.722947120666504, 34.92220616340637, 34.46521496772766, 34.73270893096924, 34.36246705055237, 34.54422974586487, 34.31026911735535, 33.481956005096436, 33.67595410346985, 33.380260944366455, 33.755521059036255, 33.8435218334198, 33.75593376159668, 33.690300941467285, 33.78578996658325, 33.88177800178528, 33.58127999305725, 33.95347309112549, 33.79524087905884, 33.67154312133789, 34.475553035736084, 34.753978967666626, 34.72227621078491, 35.1431999206543, 34.772709131240845, 34.671688079833984, 34.280543088912964, 34.59026503562927, 34.13473987579346, 33.76050615310669, 33.465110063552856, 33.61519503593445, 33.755582094192505, 33.6368350982666, 33.901285886764526, 33.62497425079346, 33.85888934135437, 33.57052493095398, 33.98713994026184, 33.69131112098694, 34.03773331642151, 33.98426103591919, 33.7477011680603, 34.67642617225647, 34.76746201515198, 34.984931230545044, 34.550148010253906, 34.928305864334106, 34.327045917510986, 34.84154224395752, 34.56446313858032, 33.60125494003296, 33.61615991592407, 33.33930802345276, 33.68789196014404, 33.711328983306885, 33.68044686317444, 33.56670093536377, 34.015342712402344, 33.93855905532837, 33.60692095756531, 33.96403479576111, 33.86162877082825, 33.767566204071045, 33.97838521003723, 33.96044707298279, 33.69127106666565, 34.18510603904724, 34.463451862335205, 34.60434889793396, 35.237229108810425, 34.981242179870605, 34.57718515396118, 34.90199899673462, 34.690451860427856, 34.09138798713684, 74.6059000492096, 30.648364067077637, 31.025737047195435, 31.566269159317017, 32.20977807044983, 31.799758672714233, 32.507216930389404, 32.42273497581482, 32.65033411979675, 33.23537015914917, 29.92993187904358, 14.341140031814575]}