{"train_loss": [1.3365748084887994], "val_loss": 1.385051475065406, "val_accuracy": 0.6032144650929181, "batch_times": [30.628334045410156, 30.601596117019653, 30.640431880950928, 30.41020107269287, 30.52351689338684, 30.58774995803833, 30.399577856063843, 30.288168907165527, 30.295212745666504, 30.338490962982178, 30.47638726234436, 30.605014085769653, 30.32747721672058, 30.29293918609619, 30.408298015594482, 30.68205690383911, 30.394711017608643, 30.45313310623169, 30.52684998512268, 30.424644231796265, 30.393347024917603, 30.69865083694458, 30.348309993743896, 30.33642292022705, 30.32970905303955, 30.31693720817566, 30.49606490135193, 30.27557110786438, 30.339588165283203, 30.293258905410767, 30.367334127426147, 30.395308017730713, 30.297457218170166, 30.186553955078125, 30.169322967529297, 30.419354915618896, 30.33387804031372, 30.404304027557373, 30.35111379623413, 30.548834085464478, 30.190354108810425, 30.531843185424805, 30.26747703552246, 30.248963832855225, 30.216631174087524, 30.374974250793457, 30.18136501312256, 30.351086139678955, 30.294470071792603, 30.505941152572632, 30.172183752059937, 30.440330982208252, 30.245539665222168, 30.348536014556885, 31.124730825424194, 30.724251747131348, 31.463520765304565, 30.504755973815918, 30.519495010375977, 30.43144702911377, 30.54210591316223, 30.40168595314026, 30.439337015151978, 30.41958785057068, 30.423581838607788, 30.336082935333252, 30.457639932632446, 30.526495933532715, 30.541426181793213, 30.324254989624023, 32.81252193450928, 30.635565996170044, 30.452772855758667, 30.42634391784668, 30.568969011306763, 30.391217947006226, 30.44105076789856, 30.40312099456787, 30.508406162261963, 31.625959873199463, 30.6827609539032, 30.46303677558899, 30.2696430683136, 30.318495988845825, 30.37012767791748, 30.109684944152832, 30.252744913101196, 30.30688500404358, 30.4352707862854, 30.42857599258423, 30.5136661529541, 30.305488109588623, 30.252439975738525, 30.343226194381714, 30.569578886032104, 30.46359395980835, 30.358235836029053, 30.37333083152771, 30.493751049041748, 30.45294213294983, 30.530728816986084, 30.578529596328735, 30.561710119247437, 30.5551118850708, 30.68161106109619, 30.52435302734375, 30.673232078552246, 30.702973127365112, 30.628944158554077, 30.54806685447693, 30.640862941741943, 30.650587797164917, 30.72119402885437, 30.702749013900757, 30.704845905303955, 30.404585123062134, 30.570185899734497, 30.45363211631775, 30.612440824508667, 30.57460904121399, 30.576581954956055, 30.51970911026001, 30.58327078819275, 30.443265199661255, 30.56098484992981, 30.475511074066162, 31.366410970687866, 31.628330945968628, 30.806164979934692, 30.60852074623108, 30.484230041503906, 30.32450795173645, 30.49583101272583, 30.3863468170166, 30.39482307434082, 30.4600567817688, 30.381160974502563, 30.41337013244629, 30.308817148208618, 30.550266981124878, 30.407184839248657, 30.421660900115967, 30.396300792694092, 30.405261993408203, 30.38571286201477, 30.261610984802246, 30.434696912765503, 30.491284132003784, 30.521435022354126, 30.60700821876526, 30.441795110702515, 30.449253797531128, 30.25425100326538, 30.52980875968933, 30.349243879318237, 30.548227071762085, 30.476440906524658, 30.655200004577637, 30.55402898788452, 30.710002899169922, 30.489192962646484, 30.513303995132446, 30.541093111038208, 30.592382192611694, 30.450313329696655, 30.563822984695435, 30.580570697784424, 30.500104904174805, 30.554398775100708, 30.816980123519897, 30.73515295982361, 30.820473194122314, 30.696216106414795, 30.583613872528076, 30.587536811828613, 30.643215894699097, 31.21007513999939, 30.77969789505005, 30.68998885154724, 30.777692794799805, 30.585186004638672, 30.407105207443237, 30.723993062973022, 30.49168825149536, 30.76275372505188, 30.69735074043274, 30.979345321655273, 30.957927942276, 30.643064975738525, 31.875116109848022, 34.2214469909668, 34.90509295463562, 35.17797303199768, 33.001134157180786, 30.604387760162354, 30.70369791984558, 30.75530195236206, 31.37877893447876, 30.75850796699524, 34.52303695678711, 34.567670822143555, 33.84400987625122, 31.142170190811157, 30.890291929244995, 30.862242221832275, 30.71580696105957, 30.760940074920654, 30.895230770111084, 30.732516765594482, 30.759005069732666, 30.67567205429077, 30.965999126434326, 30.92778706550598, 30.691586017608643, 30.79143714904785, 30.782569885253906, 30.77115225791931, 30.847899913787842, 30.71111488342285, 30.761143684387207, 31.019339084625244, 30.77255415916443, 30.729990005493164, 30.71202778816223, 30.75111413002014, 30.94232201576233, 30.942076921463013, 30.91167902946472, 30.72415781021118, 30.87791419029236, 31.17550802230835, 31.118148803710938, 31.073683977127075, 30.965059757232666, 30.94023609161377, 30.9032039642334, 30.68171215057373, 30.767648935317993, 30.798197984695435, 30.68078303337097, 30.871956825256348, 30.57015872001648, 30.63641595840454, 30.697373867034912, 30.70705485343933, 30.994121074676514, 30.890985012054443, 30.860043048858643, 30.70859432220459, 30.76050305366516, 30.995671033859253, 30.914226293563843, 31.134253978729248, 31.399343967437744, 31.192848920822144, 30.957751989364624, 31.118257761001587, 31.069369792938232, 30.96773076057434, 31.22119402885437, 30.827064752578735, 30.806095838546753, 30.819956064224243, 30.714993953704834, 30.925772666931152, 31.000017881393433, 30.9896080493927, 30.80699110031128, 30.770721912384033, 30.86348795890808, 30.95216989517212, 30.905384063720703, 30.870373010635376, 30.66244101524353, 30.692949056625366, 30.914933919906616, 30.821523189544678, 30.70941996574402, 30.91359782218933, 30.911643981933594, 30.785882711410522, 30.799248933792114, 30.776644945144653, 30.956055879592896, 30.88804817199707, 30.950920820236206, 30.915650844573975, 30.90654420852661, 30.773405075073242, 30.707707166671753, 30.80010962486267, 30.859498262405396, 30.918397188186646, 30.765214920043945, 31.02829599380493, 30.977442026138306, 30.991991996765137, 30.863574981689453, 31.24301290512085, 31.241935968399048, 31.21260714530945, 30.532221794128418, 30.07889723777771, 29.959779977798462, 29.98719596862793, 30.08802080154419, 33.39818620681763, 31.02339005470276, 30.45251488685608, 30.23032307624817, 30.19593596458435, 30.767040967941284, 31.167150020599365, 30.048041105270386, 30.066980838775635, 159.2090198993683, 29.501893043518066, 69.51895308494568, 83.18323469161987, 29.344244956970215, 74.97894668579102, 67.42358684539795, 29.669432878494263, 85.18272185325623, 29.331979990005493, 79.11132001876831, 14.284611225128174]}