{"train_loss": [1.4009003159126507], "val_loss": 1.4342758257157189, "val_accuracy": 0.5936715218483174, "batch_times": [34.18025302886963, 34.19195222854614, 33.84631133079529, 34.101563930511475, 33.940759897232056, 34.1124210357666, 33.77560496330261, 34.250649213790894, 34.08469319343567, 33.82000994682312, 34.21648716926575, 33.8577880859375, 34.124388694763184, 33.91152501106262, 34.054380893707275, 34.003994941711426, 33.891706228256226, 34.089897871017456, 33.79902505874634, 34.10720896720886, 34.04510807991028, 34.10255002975464, 34.10474395751953, 33.98678684234619, 33.81519794464111, 33.843379974365234, 33.76301717758179, 34.01938605308533, 34.17212414741516, 33.871171951293945, 34.244815826416016, 34.08344793319702, 33.94458603858948, 34.29639506340027, 33.77651596069336, 34.19274306297302, 33.83319282531738, 34.155197858810425, 34.0796480178833, 33.812987089157104, 34.10606527328491, 33.87469482421875, 33.953492879867554, 33.86605715751648, 34.16615700721741, 34.138144969940186, 33.8442108631134, 34.146132946014404, 33.898030042648315, 34.09398174285889, 36.66089487075806, 34.209981203079224, 34.141337156295776, 33.78670811653137, 34.19826889038086, 34.11376190185547, 34.055702924728394, 33.905794858932495, 34.08828902244568, 34.23015880584717, 33.76408815383911, 33.918972969055176, 33.54879307746887, 33.93923902511597, 33.55675983428955, 33.87040996551514, 33.68067407608032, 33.94246506690979, 33.662882804870605, 33.57949686050415, 33.496927976608276, 33.83374810218811, 33.953778982162476, 33.537976026535034, 33.92479610443115, 33.899728775024414, 33.73964285850525, 33.62393808364868, 33.62276315689087, 33.69604992866516, 33.7068657875061, 33.869529008865356, 33.543612003326416, 34.00580096244812, 33.98612093925476, 33.80129098892212, 33.78750801086426, 33.57362914085388, 33.848430156707764, 33.56631779670715, 33.87403893470764, 33.53347396850586, 33.94954204559326, 33.90791893005371, 33.73361778259277, 34.207483768463135, 33.6170129776001, 33.89087796211243, 33.90015697479248, 33.91989088058472, 33.91759991645813, 33.52307987213135, 33.8290650844574, 33.82987713813782, 33.917399883270264, 33.482430934906006, 33.827956438064575, 33.881277322769165, 33.61826729774475, 33.79976487159729, 33.4869339466095, 33.823333978652954, 33.81417798995972, 33.93224096298218, 33.5580358505249, 33.84934592247009, 33.89782786369324, 33.720176219940186, 33.888676166534424, 33.81555104255676, 33.74035620689392, 33.74387788772583, 33.58554196357727, 33.50691819190979, 33.80458426475525, 33.91127800941467, 33.652119159698486, 33.795942306518555, 33.56855607032776, 33.79329991340637, 33.648621797561646, 33.928466796875, 33.877859115600586, 33.84196615219116, 33.853776931762695, 33.590888023376465, 33.87953209877014, 33.46284198760986, 33.85556983947754, 78.68301296234131, 29.3118679523468, 30.34925413131714, 32.07717299461365, 31.69737696647644, 31.981191158294678, 76.31901836395264, 29.24352502822876, 76.88782119750977, 71.25673794746399, 29.409013986587524, 71.50853300094604, 29.33525586128235, 81.42630696296692, 83.60416388511658, 29.26641297340393, 67.88263773918152, 80.03672218322754, 29.513800382614136, 79.76930093765259, 29.253552198410034, 68.83233594894409, 78.9259581565857, 29.298089027404785, 68.64523220062256, 29.202972888946533, 30.00967288017273, 30.363821029663086, 31.44860291481018, 30.618335008621216, 32.35265302658081, 31.26418900489807, 31.432392835617065, 79.14390969276428, 29.289616107940674, 84.03442597389221, 29.235581874847412, 29.658513069152832, 30.41964292526245, 71.70861196517944, 74.70140790939331, 29.466798067092896, 85.29657101631165, 69.76831388473511, 29.484724044799805, 70.01854181289673, 29.324217081069946, 79.56227898597717, 68.45033383369446, 29.263455152511597, 71.43389892578125, 77.83682894706726, 29.446009874343872, 72.34256601333618, 29.301242113113403, 84.66775393486023, 29.247109174728394, 29.402618885040283, 30.263169765472412, 30.962968111038208, 31.498267889022827, 31.51160717010498, 31.2368381023407, 31.650952339172363, 32.05529308319092, 31.825158834457397, 32.563575744628906, 31.626797914505005, 31.91505789756775, 31.944416999816895, 31.805098295211792, 32.416370153427124, 32.470860958099365, 31.89760398864746, 32.10548710823059, 32.058748960494995, 32.270203828811646, 32.48518776893616, 31.96368908882141, 32.118013858795166, 32.87036108970642, 33.399073123931885, 34.06699800491333, 34.94218611717224, 34.89921498298645, 32.16492295265198, 29.49707794189453, 29.485982179641724, 29.64822506904602, 76.95315289497375, 29.253962993621826, 84.30891489982605, 70.46801590919495, 29.38642716407776, 81.98458909988403, 80.11756801605225, 29.490453004837036, 70.48957395553589, 29.277841806411743, 72.00415992736816, 70.05089712142944, 29.309149026870728, 67.62545895576477, 83.01477384567261, 29.359872102737427, 68.9171712398529, 29.210785150527954, 29.39751386642456, 82.42574381828308, 76.88773512840271, 29.496989011764526, 71.52160692214966, 29.25458788871765, 67.56082105636597, 75.92653369903564, 29.342653036117554, 70.34907388687134, 72.9102931022644, 29.419734001159668, 71.48430895805359, 29.256521940231323, 74.30080795288086, 75.7837438583374, 29.323798894882202, 73.4590699672699, 29.25434708595276, 29.65788698196411, 30.445395946502686, 30.852340936660767, 31.577242851257324, 31.555351734161377, 31.318272829055786, 31.495947122573853, 31.539209842681885, 31.75687026977539, 32.169175148010254, 31.683889150619507, 31.97631001472473, 31.830430030822754, 32.23352909088135, 31.898927927017212, 32.024380922317505, 32.375550270080566, 31.94100308418274, 32.55487895011902, 32.049341917037964, 32.20149493217468, 31.786612033843994, 32.33834910392761, 31.97873592376709, 32.5507698059082, 33.23407816886902, 33.90267205238342, 34.154330253601074, 33.578280210494995, 33.18065524101257, 33.258925676345825, 33.04714488983154, 33.278477907180786, 33.728119134902954, 34.14636206626892, 33.61999726295471, 33.66717290878296, 33.461097955703735, 33.38971996307373, 33.41713213920593, 33.845985651016235, 33.554227113723755, 33.86559009552002, 33.83256697654724, 33.67942810058594, 33.702446699142456, 33.191328048706055, 33.02110004425049, 33.153605937957764, 35.20189166069031, 29.75272798538208, 29.627237796783447, 74.02186584472656, 70.8010950088501, 29.550001859664917, 84.6896698474884, 82.60774207115173, 29.545295238494873, 67.3345901966095, 29.381660223007202, 82.8681218624115, 14.178009033203125]}