{"train_loss": [1.9324604457928944], "val_loss": 1.86926408805226, "val_accuracy": 0.48292315419387244, "batch_times": [32.240171909332275, 31.870281219482422, 32.02347207069397, 31.734280824661255, 32.307870864868164, 31.130194187164307, 37.160072803497314, 32.33575797080994, 32.40142107009888, 33.49048089981079, 32.351667165756226, 32.14465308189392, 32.465808153152466, 31.84974718093872, 33.52182412147522, 32.40165090560913, 31.690650939941406, 33.158514976501465, 32.47727012634277, 30.521054983139038, 31.497966051101685, 31.424893856048584, 32.258519887924194, 31.97324013710022, 31.854758977890015, 31.005094051361084, 30.746660947799683, 31.69973874092102, 36.113322257995605, 35.63717293739319, 33.601203203201294, 31.591958045959473, 31.145160913467407, 31.657149076461792, 31.8590030670166, 31.30034303665161, 31.203694105148315, 33.05764698982239, 30.950287103652954, 31.45444679260254, 30.927033185958862, 31.919734001159668, 30.48466682434082, 31.15827488899231, 31.56821608543396, 30.138689041137695, 31.5859317779541, 31.333965063095093, 31.50115990638733, 31.68084979057312, 32.46520662307739, 31.218888759613037, 32.385958194732666, 32.65664005279541, 31.1263530254364, 33.6399290561676, 31.771026849746704, 31.103217840194702, 30.415354013442993, 30.864623069763184, 31.297117948532104, 32.721823930740356, 34.150254011154175, 32.382368087768555, 30.964128017425537, 31.435888051986694, 31.276666164398193, 32.34536409378052, 32.09492897987366, 31.328699111938477, 32.147265911102295, 31.834671020507812, 33.36254596710205, 33.499046087265015, 32.79467701911926, 33.945127964019775, 33.80081295967102, 31.228085041046143, 32.58738112449646, 31.91892099380493, 31.26225996017456, 30.99326801300049, 32.51449918746948, 31.851195812225342, 32.04935598373413, 31.89944887161255, 30.752540826797485, 31.283946990966797, 33.16118407249451, 32.06904911994934, 31.34990692138672, 30.225951194763184, 30.112749099731445, 29.900486946105957, 29.930182933807373, 29.713898181915283, 29.914994955062866, 32.64281392097473, 31.59750199317932, 34.58694672584534, 31.54483985900879, 34.43942189216614, 31.70092487335205, 36.29490399360657, 33.46113204956055, 30.45892906188965, 30.50666308403015, 31.435224056243896, 31.094954013824463, 30.174707174301147, 31.882894039154053, 31.942222118377686, 31.933237075805664, 30.125963926315308, 32.54922294616699, 33.033108949661255, 32.76703119277954, 30.823086261749268, 31.755083084106445, 30.043477058410645, 30.300462007522583, 68.33463096618652, 30.821486711502075, 31.471501111984253, 30.79076600074768, 31.016401052474976, 30.9899959564209, 30.959869861602783, 31.055891036987305, 31.028585195541382, 31.02144503593445, 31.523779153823853, 31.26964783668518, 30.17304301261902, 31.09577703475952, 32.06918382644653, 31.232672929763794, 32.02274990081787, 31.157360792160034, 32.35970091819763, 31.107306957244873, 31.285692930221558, 32.5213189125061, 32.08833575248718, 31.76136589050293, 31.436227083206177, 31.155328035354614, 31.158021211624146, 31.209069967269897, 31.87729573249817, 31.467041015625, 32.65113425254822, 31.306065797805786, 31.736624002456665, 31.683079957962036, 30.702173948287964, 30.91389298439026, 32.05676221847534, 31.797808170318604, 30.604673147201538, 33.85146188735962, 31.51758599281311, 33.41698384284973, 30.925960063934326, 31.03269076347351, 32.427501916885376, 31.701184034347534, 32.32236695289612, 30.64413094520569, 30.646309852600098, 31.81317400932312, 32.104225873947144, 33.38812494277954, 31.909488201141357, 31.910059690475464, 30.31704092025757, 30.01874613761902, 32.8593168258667, 31.825938940048218, 31.89725399017334, 31.52705693244934, 32.48815202713013, 31.787142992019653, 32.282732248306274, 32.8687219619751, 30.004610061645508, 31.0405330657959, 31.93644905090332, 31.91510510444641, 30.768203020095825, 30.982170820236206, 33.0590078830719, 30.98727798461914, 31.754591941833496, 32.06218099594116, 32.02889895439148, 32.70971393585205, 32.23524188995361, 32.06677222251892, 31.462221145629883, 31.035822868347168, 31.71334719657898, 30.798929929733276, 30.582674980163574, 32.434755086898804, 34.85277700424194, 33.50043296813965, 30.235974073410034, 85.78088665008545, 29.344016075134277, 72.99669289588928, 31.90528106689453, 31.707940101623535, 33.070420026779175, 32.06582999229431, 31.280025005340576, 32.33652591705322, 31.917859077453613, 33.428486824035645, 30.950546979904175, 30.866997957229614, 30.867884159088135, 34.36576318740845, 31.341534852981567, 30.95020580291748, 30.893692016601562, 31.36561417579651, 31.02120304107666, 31.01495599746704, 31.06999897956848, 30.78068995475769, 30.79848074913025, 31.120529174804688, 31.150421857833862, 32.00716471672058, 31.233131170272827, 31.274585008621216, 31.215792179107666, 31.18977379798889, 31.1039400100708, 31.18351173400879, 31.192636013031006, 31.31877303123474, 31.14822292327881, 31.176154851913452, 33.88894319534302, 32.42198204994202, 31.2532742023468, 31.31747817993164, 30.994078159332275, 30.981670141220093, 31.0797917842865, 30.903711080551147, 30.980030059814453, 31.105782985687256, 31.541579008102417, 31.130895853042603, 31.137102127075195, 31.022643089294434, 31.015125036239624, 31.000176906585693, 31.245098114013672, 31.06237506866455, 30.972892999649048, 31.073182106018066, 31.41254186630249, 31.073000192642212, 31.135112047195435, 31.150588035583496, 31.040809869766235, 31.0281982421875, 30.98503875732422, 31.08384418487549, 30.879348039627075, 31.116995096206665, 31.110193967819214, 31.20210289955139, 31.210876941680908, 31.00581192970276, 31.050875186920166, 31.04239058494568, 30.95096707344055, 30.982624053955078, 31.061649322509766, 31.2511043548584, 31.528244972229004, 79.97169494628906, 31.694825172424316, 151.07944798469543, 29.34919500350952, 76.37214994430542, 81.68951177597046, 29.419211626052856, 69.9956648349762, 29.392684936523438, 33.49388313293457, 78.26717400550842, 29.261836051940918, 72.1471471786499, 81.54386305809021, 29.36846089363098, 71.4514091014862, 82.21156716346741, 29.543235063552856, 77.99981808662415, 29.289231061935425, 84.09856915473938, 70.29961800575256, 29.299792289733887, 76.75551414489746, 71.77292490005493, 29.4962260723114, 73.74501824378967, 29.24798607826233, 29.63027811050415, 30.67588210105896, 31.334123134613037, 31.30479121208191, 31.333439826965332, 32.38815212249756, 31.877305030822754, 31.92639183998108, 32.55744910240173, 32.68916463851929, 32.07991600036621, 32.33930802345276, 15.583924055099487]}