{"train_loss": [2.9006334105769285], "val_loss": 2.4775544616967693, "val_accuracy": 0.3164239075841286, "batch_times": [29.565360069274902, 29.849666118621826, 31.403565883636475, 32.79816007614136, 33.76510715484619, 31.08224606513977, 30.749929904937744, 30.328479290008545, 31.101575136184692, 29.878202199935913, 69.31088280677795, 108.15161681175232, 29.3365478515625, 81.00758695602417, 48.28812074661255, 29.30234169960022, 79.31557297706604, 74.75563788414001, 29.255726099014282, 84.22386598587036, 29.474398851394653, 77.14911103248596, 77.82121515274048, 29.259725093841553, 76.25266695022583, 79.52573275566101, 29.342913150787354, 75.51230096817017, 29.259835958480835, 29.23044466972351, 29.237117052078247, 32.16060280799866, 82.81379389762878, 29.235581874847412, 29.19986367225647, 86.19707107543945, 29.30297327041626, 78.76368618011475, 76.49139785766602, 29.307806968688965, 83.27490210533142, 75.3905508518219, 29.382205963134766, 83.32449889183044, 29.232803106307983, 71.67899012565613, 70.16903281211853, 29.265608072280884, 77.76270580291748, 81.18676209449768, 29.512784004211426, 29.5486421585083, 29.718435049057007, 30.51635193824768, 31.075228929519653, 31.391237020492554, 31.24772882461548, 31.713051795959473, 31.655843019485474, 32.25187301635742, 31.547976970672607, 32.12325596809387, 31.827399015426636, 31.691243171691895, 31.965093851089478, 31.59408688545227, 32.27432298660278, 32.121111154556274, 31.70071768760681, 31.967407941818237, 32.235480070114136, 31.887275218963623, 32.254634857177734, 32.72734999656677, 32.946484088897705, 33.606608867645264, 33.902509927749634, 33.842562198638916, 33.24215602874756, 33.00961685180664, 33.46966290473938, 33.76865601539612, 33.75153303146362, 33.804972887039185, 33.721226930618286, 33.54120087623596, 33.492149114608765, 33.33330774307251, 33.4269700050354, 33.48815608024597, 34.16261601448059, 34.40083193778992, 34.470736026763916, 34.64561080932617, 34.6528160572052, 34.61310076713562, 34.30299210548401, 34.729382038116455, 34.3408567905426, 33.92669892311096, 33.49685597419739, 33.413006067276, 33.46962785720825, 33.49841809272766, 33.71935677528381, 33.54944896697998, 33.523255825042725, 33.529911041259766, 33.65900897979736, 33.546988010406494, 33.47468185424805, 33.637500286102295, 33.697444915771484, 33.817878007888794, 33.57978677749634, 33.6200749874115, 33.62251806259155, 34.23761010169983, 34.55672907829285, 34.82466173171997, 34.745201110839844, 34.589614152908325, 34.56509709358215, 34.43903064727783, 33.7638041973114, 33.55529308319092, 33.47136998176575, 33.49469804763794, 33.54964089393616, 33.585936069488525, 33.50559115409851, 34.036582946777344, 33.59585523605347, 33.52533221244812, 33.59540820121765, 33.500051975250244, 33.573827028274536, 33.624995708465576, 33.622979164123535, 33.62378001213074, 33.76490807533264, 33.624611139297485, 33.55722212791443, 33.57783770561218, 33.530373096466064, 33.54711318016052, 33.588093996047974, 33.645249128341675, 33.72569799423218, 33.68230485916138, 33.54272794723511, 33.491962909698486, 33.5716118812561, 33.51887512207031, 33.58885717391968, 33.58290696144104, 33.666179895401, 33.742064237594604, 33.62848210334778, 34.05370593070984, 33.612030029296875, 33.62633395195007, 33.52702808380127, 33.540712118148804, 33.62090492248535, 33.64586281776428, 33.77603077888489, 33.891079902648926, 33.708269119262695, 33.57749795913696, 33.81384229660034, 33.50064492225647, 33.49992609024048, 33.696962118148804, 33.59210419654846, 33.68888020515442, 33.52275586128235, 33.58798003196716, 33.580000162124634, 33.614415884017944, 33.494829177856445, 33.581461906433105, 33.61152410507202, 33.61388921737671, 33.68588066101074, 33.53493809700012, 33.5266809463501, 33.50398302078247, 33.553508043289185, 33.530924797058105, 33.53744101524353, 33.64592099189758, 34.04924297332764, 34.27867603302002, 34.17838096618652, 34.18710923194885, 34.10296416282654, 34.17830801010132, 34.07797193527222, 34.05845403671265, 37.07172226905823, 34.053624868392944, 34.23290801048279, 34.12887501716614, 34.503702878952026, 34.04717993736267, 33.44272303581238, 33.110254764556885, 32.98988699913025, 33.14594101905823, 33.25399398803711, 33.50738787651062, 33.25437378883362, 33.371882915496826, 33.36782383918762, 33.25014901161194, 33.23939108848572, 33.27325797080994, 33.941423177719116, 34.149117946624756, 34.32586669921875, 34.22213411331177, 34.097277879714966, 34.16695594787598, 34.019633054733276, 34.06033372879028, 34.16442394256592, 33.67654991149902, 33.20532703399658, 33.20425486564636, 33.292221784591675, 33.30744028091431, 33.49529695510864, 33.363187074661255, 33.40446186065674, 33.30417490005493, 33.40300703048706, 33.42511487007141, 33.67127203941345, 33.88043403625488, 34.18371081352234, 34.372480154037476, 34.220174074172974, 34.28251004219055, 34.178407192230225, 34.26631307601929, 34.26756572723389, 33.981975078582764, 33.467591762542725, 33.12061023712158, 33.18156909942627, 33.11351180076599, 33.244956970214844, 33.37076926231384, 33.39890003204346, 33.494709968566895, 33.350995779037476, 33.62427496910095, 34.109272956848145, 34.336260080337524, 34.17875671386719, 34.16169190406799, 34.18353199958801, 34.17696523666382, 34.3541579246521, 34.156517028808594, 34.55879616737366, 33.86550283432007, 33.37275004386902, 33.04551911354065, 33.0861291885376, 33.19945216178894, 33.43017077445984, 33.39757299423218, 33.9587619304657, 33.546985149383545, 33.81881284713745, 33.50402879714966, 33.53616690635681, 34.028772830963135, 34.45228695869446, 34.64910292625427, 34.224995851516724, 34.58012104034424, 34.18705415725708, 34.194851875305176, 33.67064380645752, 33.130300998687744, 32.95444083213806, 33.15787601470947, 33.11975288391113, 33.30249857902527, 33.40512418746948, 33.3098030090332, 33.3176109790802, 33.3134560585022, 33.34238600730896, 33.237725019454956, 33.92759394645691, 34.178821325302124, 34.22817873954773, 34.32748079299927, 34.20241403579712, 34.170416831970215, 34.08035087585449, 34.06374406814575, 33.96268701553345, 34.0767617225647, 33.52841401100159, 33.05135893821716, 33.24893283843994, 33.45438289642334, 33.32971787452698, 33.294249057769775, 33.33828783035278, 33.26607584953308, 33.34203386306763, 33.35635209083557, 33.329317808151245, 33.39229106903076, 33.749943017959595, 34.21221923828125, 34.14845013618469, 34.17190098762512, 34.10159111022949, 34.36550283432007, 16.570660829544067]}