{"train_loss": [1.5482967257895164], "val_loss": 1.5532753682891547, "val_accuracy": 0.5760924158714213, "batch_times": [34.17347693443298, 33.818668842315674, 33.84637999534607, 34.06942701339722, 33.74749970436096, 34.13614106178284, 33.88935971260071, 34.103909969329834, 33.82034206390381, 33.55926299095154, 32.880881786346436, 33.16515111923218, 33.16670203208923, 32.968461751937866, 33.3325719833374, 33.17176008224487, 33.37102794647217, 33.878461837768555, 34.523478746414185, 34.026748180389404, 34.15901803970337, 34.03276228904724, 33.71442627906799, 33.96500086784363, 33.904850244522095, 34.07287907600403, 33.909834146499634, 34.26606893539429, 33.98802423477173, 34.00361609458923, 33.27660799026489, 32.794642210006714, 33.11824107170105, 32.99590301513672, 33.29397773742676, 33.269355058670044, 33.17982888221741, 33.146687030792236, 33.00866770744324, 33.61575508117676, 33.85833430290222, 34.39702892303467, 33.9764621257782, 34.40586304664612, 33.700571060180664, 34.19374489784241, 33.749967098236084, 34.06446695327759, 34.01744794845581, 33.76922869682312, 34.15906500816345, 34.06613802909851, 33.84334707260132, 34.04611301422119, 33.33925700187683, 32.87739300727844, 32.90807604789734, 33.280519008636475, 32.99234127998352, 33.3669011592865, 33.281787157058716, 33.1058030128479, 33.0434250831604, 33.6495406627655, 33.349173069000244, 29.317078828811646, 71.07299494743347, 79.2502019405365, 29.31992816925049, 81.78915286064148, 29.248796939849854, 70.79381775856018, 81.35264587402344, 29.30498194694519, 84.47567415237427, 71.52259826660156, 29.239193201065063, 76.77197790145874, 29.305855989456177, 68.11760377883911, 78.25645112991333, 29.263906002044678, 71.39107012748718, 29.312174081802368, 29.61494493484497, 30.38908100128174, 31.416704893112183, 31.774082899093628, 31.44356894493103, 31.957725763320923, 31.654993057250977, 32.32022213935852, 31.843013048171997, 31.612241983413696, 32.555651903152466, 32.08178210258484, 32.03194785118103, 32.63787508010864, 32.40658783912659, 32.50174522399902, 32.03310298919678, 32.53231906890869, 32.66108512878418, 32.122955083847046, 32.74402713775635, 32.89740204811096, 33.38015794754028, 33.8999559879303, 33.902528047561646, 33.336392879486084, 33.24010109901428, 32.96052622795105, 33.28711414337158, 33.028176069259644, 33.445770025253296, 33.71322774887085, 34.31697201728821, 34.14937400817871, 33.42516589164734, 33.47622489929199, 33.12911415100098, 33.26494097709656, 33.58853101730347, 33.44684100151062, 33.45548391342163, 33.83067321777344, 33.596320152282715, 33.37251925468445, 33.71505904197693, 33.33565402030945, 33.718165159225464, 33.366858959198, 33.38420295715332, 33.32108163833618, 33.765069246292114, 33.706682205200195, 33.50182795524597, 33.67148017883301, 33.336514711380005, 33.545392990112305, 33.77219820022583, 33.44370102882385, 33.38986396789551, 33.897237062454224, 33.7935209274292, 33.56727600097656, 33.696043968200684, 33.369513273239136, 33.789764165878296, 33.510809898376465, 33.343804121017456, 33.49333190917969, 33.880953788757324, 33.725234031677246, 33.3862202167511, 33.74289894104004, 33.524293184280396, 33.6696457862854, 33.54307508468628, 33.330044984817505, 33.34588694572449, 33.72807693481445, 33.686776638031006, 33.380420207977295, 33.71571707725525, 33.41330695152283, 33.901848793029785, 33.76348090171814, 33.571199893951416, 33.751922845840454, 33.5009388923645, 33.651365995407104, 33.33745813369751, 33.694719076156616, 33.37547993659973, 33.696692943573, 33.54078722000122, 33.6804621219635, 33.742635011672974, 33.500648021698, 33.674311876297, 33.39387583732605, 33.662776708602905, 33.32529401779175, 33.754915714263916, 33.41960597038269, 33.349201917648315, 33.37381672859192, 33.884735107421875, 33.63923692703247, 33.378440856933594, 33.7221622467041, 33.428466796875, 33.74688792228699, 33.486177921295166, 33.346534967422485, 33.444125175476074, 34.04762005805969, 33.64976787567139, 33.39068102836609, 33.670868158340454, 33.6796669960022, 33.48026895523071, 33.80063581466675, 33.601218938827515, 33.74630618095398, 33.539462089538574, 33.714919090270996, 33.556966066360474, 33.751447677612305, 33.49505305290222, 33.4869430065155, 33.71991491317749, 33.36795210838318, 33.77480411529541, 33.43634605407715, 33.62065100669861, 33.44009590148926, 33.77499794960022, 33.71563220024109, 33.4671049118042, 33.483036041259766, 33.381779193878174, 33.687361001968384, 33.50692915916443, 33.653059005737305, 33.66509795188904, 33.41416907310486, 33.85511231422424, 33.51826310157776, 33.81730604171753, 33.49489092826843, 33.72783803939819, 33.52444791793823, 33.67291879653931, 33.63891077041626, 33.36908006668091, 33.63741993904114, 33.582505226135254, 33.71618032455444, 33.38619112968445, 33.71089005470276, 33.512243032455444, 33.57787799835205, 33.75551509857178, 33.383533239364624, 33.737160205841064, 33.64811325073242, 33.48488903045654, 33.36364388465881, 33.79645586013794, 33.749752044677734, 33.39021182060242, 33.660985708236694, 33.40532922744751, 33.69422888755798, 33.45892405509949, 33.8648841381073, 33.67568516731262, 33.87257671356201, 33.75874423980713, 33.43797707557678, 33.837217807769775, 33.49672722816467, 33.787895917892456, 33.48807907104492, 33.88286590576172, 33.470786809921265, 34.16094899177551, 33.802205085754395, 33.45324492454529, 33.68711519241333, 33.40607309341431, 33.81040287017822, 33.58090019226074, 33.486095905303955, 33.41238594055176, 34.19323110580444, 33.839967012405396, 33.47751998901367, 33.77105522155762, 33.49008011817932, 33.75382995605469, 33.632696866989136, 36.277880907058716, 33.53899908065796, 33.89635396003723, 33.74834895133972, 70.72771000862122, 29.396584033966064, 30.288517713546753, 31.50147294998169, 32.10788822174072, 32.94336271286011, 32.18829917907715, 32.39309597015381, 32.278311014175415, 33.23487091064453, 34.607605934143066, 34.8847291469574, 35.18610191345215, 34.546244859695435, 34.40163826942444, 34.332149028778076, 33.535415172576904, 33.48472189903259, 33.869489908218384, 33.85036492347717, 33.68748092651367, 34.02978777885437, 33.64377403259277, 34.086798667907715, 34.11199593544006, 33.80160880088806, 33.96748423576355, 33.88619589805603, 33.92156481742859, 33.67788600921631, 34.12858605384827, 33.78175115585327, 34.00273013114929, 34.12128520011902, 33.57935380935669, 33.16544198989868, 33.0534451007843, 33.168009996414185, 15.94987678527832]}