{"train_loss": [1.422436517477554], "val_loss": 1.4512547276492724, "val_accuracy": 0.596433952787544, "batch_times": [34.70944786071777, 34.916569232940674, 34.745588302612305, 34.98817491531372, 34.36190485954285, 33.6642107963562, 33.720656871795654, 33.662243127822876, 34.094992876052856, 33.81152606010437, 34.39216899871826, 34.3206627368927, 34.047048807144165, 34.13626718521118, 34.58513307571411, 33.81605076789856, 34.110355377197266, 34.103593826293945, 34.07633113861084, 33.9487681388855, 34.23969388008118, 33.962098836898804, 34.15505504608154, 38.484763860702515, 36.05083918571472, 88.74357199668884, 29.24884295463562, 30.241583108901978, 30.80619502067566, 31.731000900268555, 31.693961143493652, 32.2428560256958, 32.510255098342896, 32.44036507606506, 32.63175106048584, 34.5963990688324, 35.48512816429138, 35.25867700576782, 34.87421107292175, 34.49609088897705, 34.37448287010193, 34.7224178314209, 34.91414999961853, 34.95244312286377, 34.83795094490051, 34.96841502189636, 34.11063766479492, 34.070987939834595, 35.35834288597107, 34.37582015991211, 34.274656772613525, 33.9646852016449, 34.300535917282104, 34.0078649520874, 34.2822527885437, 35.24777102470398, 34.773727893829346, 34.12990427017212, 34.57469987869263, 34.47198534011841, 34.16123914718628, 34.55451583862305, 34.41765093803406, 34.39394998550415, 34.50288510322571, 34.37011694908142, 34.626797914505005, 34.37720704078674, 34.5037100315094, 34.438148975372314, 34.182656049728394, 34.55125713348389, 34.200661182403564, 34.55548810958862, 34.169344902038574, 34.336121797561646, 34.54435586929321, 34.16056823730469, 34.54556679725647, 34.23347592353821, 34.53834080696106, 33.91578197479248, 33.70106101036072, 33.110645055770874, 33.69028186798096, 33.599100828170776, 33.364253997802734, 33.71260690689087, 33.635233879089355, 34.5388662815094, 34.30191898345947, 34.610816955566406, 34.172343730926514, 34.352595806121826, 34.42060399055481, 34.105818033218384, 34.43483281135559, 34.19576597213745, 34.49095606803894, 34.46970534324646, 34.27883434295654, 34.709248065948486, 34.381555795669556, 34.54741191864014, 34.33979892730713, 33.79999399185181, 33.47723317146301, 33.108869314193726, 33.50287699699402, 33.42880702018738, 33.49312686920166, 33.920907974243164, 34.632951974868774, 34.67015290260315, 34.298622846603394, 34.53726100921631, 34.127219915390015, 34.69575023651123, 79.4812421798706, 29.664928197860718, 30.56799006462097, 32.65136694908142, 31.754200220108032, 32.25464987754822, 32.524083852767944, 32.243648052215576, 32.38961982727051, 32.76627779006958, 34.281447887420654, 35.304121017456055, 35.66011595726013, 35.38337182998657, 35.01036500930786, 35.18386888504028, 34.37137794494629, 33.70703721046448, 33.54497480392456, 33.917025089263916, 34.02636003494263, 33.89397406578064, 34.2144250869751, 33.94324231147766, 34.48134231567383, 34.11207032203674, 34.05871295928955, 33.986554861068726, 34.48988890647888, 34.336880922317505, 34.2994339466095, 34.32761073112488, 34.02279210090637, 34.35190296173096, 34.10390019416809, 34.470699071884155, 34.29328775405884, 34.47701811790466, 34.51152801513672, 34.66595268249512, 34.534435987472534, 34.43000078201294, 34.34267997741699, 34.28349590301514, 34.22540211677551, 34.820584774017334, 33.828057050704956, 33.573962926864624, 33.21144890785217, 33.447824001312256, 33.64303708076477, 33.460036754608154, 33.845096826553345, 34.70216989517212, 35.46316409111023, 34.954405784606934, 35.193464040756226, 34.87587094306946, 34.48582673072815, 34.725276947021484, 34.31025719642639, 33.73392415046692, 33.62631297111511, 33.97559571266174, 33.95362710952759, 33.82222104072571, 33.990195989608765, 33.71139097213745, 34.04990196228027, 33.779279947280884, 33.91425013542175, 34.15394401550293, 34.109652042388916, 34.06696701049805, 33.8625328540802, 33.987348794937134, 34.07500386238098, 34.06758999824524, 33.755680084228516, 33.69745683670044, 33.75273895263672, 34.05095601081848, 34.1002881526947, 34.76051712036133, 35.08624505996704, 35.21748185157776, 34.8189172744751, 34.58577799797058, 34.53845977783203, 34.748640060424805, 33.767061948776245, 33.99082589149475, 33.89574408531189, 33.5554039478302, 33.986417055130005, 33.672995805740356, 33.73940086364746, 33.657175064086914, 34.02741098403931, 33.883934020996094, 34.188196897506714, 34.08434009552002, 33.77763772010803, 34.00448417663574, 34.76187586784363, 35.486578941345215, 33.88595986366272, 34.233582973480225, 34.06628131866455, 33.810606956481934, 34.2256600856781, 33.853381872177124, 34.07883596420288, 33.759552001953125, 77.4978699684143, 29.2450749874115, 31.036333084106445, 31.235283136367798, 31.57012104988098, 32.327993869781494, 32.328818798065186, 32.28044390678406, 32.22564387321472, 33.00411605834961, 33.23577404022217, 34.83709502220154, 35.32540202140808, 35.59986877441406, 35.360236167907715, 34.90648794174194, 35.14368510246277, 34.13689708709717, 34.36184120178223, 34.48276925086975, 34.34638285636902, 34.68116092681885, 34.528855085372925, 34.60720205307007, 33.82798504829407, 33.408738136291504, 33.367729902267456, 33.75217795372009, 33.893441915512085, 34.00207877159119, 33.99558997154236, 33.80654692649841, 33.91226100921631, 33.92744827270508, 33.928845167160034, 34.03613996505737, 33.74271106719971, 34.00246787071228, 33.61907601356506, 34.00046420097351, 33.916622161865234, 34.00646710395813, 34.18615913391113, 33.7839150428772, 34.06643891334534, 33.746963024139404, 34.19482398033142, 33.70639514923096, 34.11659908294678, 34.159099817276, 33.79813313484192, 33.791417837142944, 33.68544673919678, 34.047508001327515, 33.89092302322388, 34.28679585456848, 34.12485313415527, 34.0888352394104, 34.089637994766235, 33.73775386810303, 34.18448781967163, 33.78223896026611, 34.05928993225098, 33.78798508644104, 34.17600774765015, 34.115017890930176, 33.901562213897705, 34.039764165878296, 33.718688011169434, 33.763571977615356, 33.778493881225586, 34.10746502876282, 34.14045596122742, 33.86471199989319, 34.32386922836304, 34.00525403022766, 34.113301038742065, 33.87554597854614, 33.753012895584106, 33.76531195640564, 34.120450019836426, 34.275163888931274, 33.84565305709839, 34.09873390197754, 33.84817290306091, 34.02170705795288, 33.839248180389404, 33.76677870750427, 33.81859302520752, 34.167946100234985, 34.262999057769775, 33.83241105079651, 34.121005058288574, 33.86079812049866, 16.67237901687622]}