{"train_loss": [1.3248430118086247], "val_loss": 1.3760022530700768, "val_accuracy": 0.6024610748367655, "batch_times": [74.0552430152893, 29.28223419189453, 75.47372531890869, 29.176584243774414, 29.989107131958008, 30.333975791931152, 31.077682971954346, 31.246760845184326, 31.571836948394775, 32.23930788040161, 31.63488006591797, 31.717886209487915, 32.11951494216919, 32.301413774490356, 31.5386700630188, 35.182913064956665, 34.44486904144287, 32.938453912734985, 32.13100624084473, 31.85752534866333, 32.22113490104675, 32.78920292854309, 32.474109172821045, 32.81663274765015, 32.39265584945679, 32.02531599998474, 32.77366018295288, 32.7492139339447, 33.13471841812134, 33.83098912239075, 34.228492975234985, 34.26427388191223, 33.8423957824707, 33.91104578971863, 33.30664610862732, 34.08706212043762, 34.452592849731445, 34.39052605628967, 34.399170875549316, 33.93187999725342, 33.78353810310364, 33.68397283554077, 34.05387592315674, 34.11885118484497, 33.98157596588135, 34.193065881729126, 33.631909132003784, 33.702467918395996, 33.72712182998657, 34.285327196121216, 34.56794714927673, 35.04359984397888, 34.86600208282471, 34.51153612136841, 34.62223291397095, 34.41846418380737, 34.801267862319946, 34.53511381149292, 34.38570713996887, 34.69016480445862, 34.502699851989746, 34.77686309814453, 33.82735300064087, 33.73189401626587, 33.70126986503601, 33.47553110122681, 33.56491494178772, 33.55164694786072, 33.90454888343811, 33.73635792732239, 33.92233395576477, 33.96401906013489, 33.867730140686035, 33.92611813545227, 33.78352689743042, 33.685622692108154, 34.15445399284363, 34.966209173202515, 34.97373604774475, 35.07024669647217, 34.78366804122925, 34.44478416442871, 34.753005027770996, 34.33746933937073, 34.979687213897705, 33.44163513183594, 33.83979606628418, 33.65616011619568, 33.652649879455566, 33.895395040512085, 33.66654896736145, 33.89656710624695, 34.11275291442871, 33.61251187324524, 33.79632878303528, 33.87491035461426, 33.91983890533447, 33.72863721847534, 33.96028709411621, 33.77325916290283, 34.09997797012329, 34.408392906188965, 34.66007399559021, 35.11591696739197, 34.62311124801636, 34.683258056640625, 34.46385884284973, 34.65630078315735, 33.86894202232361, 33.421271085739136, 33.444156885147095, 33.402121782302856, 33.399734020233154, 33.88133788108826, 33.84475898742676, 33.86634802818298, 33.88333606719971, 34.00255727767944, 33.647114992141724, 33.65696096420288, 33.61961388587952, 33.869566917419434, 34.26327610015869, 34.49185800552368, 77.05586791038513, 29.758167028427124, 30.43941879272461, 31.124346017837524, 32.20090699195862, 31.705448865890503, 32.19141983985901, 32.22926187515259, 32.38010215759277, 32.50087904930115, 33.9529070854187, 35.449474811553955, 35.92348122596741, 35.4686598777771, 35.10569906234741, 34.888327836990356, 34.391685962677, 34.202857971191406, 34.15668773651123, 34.14154386520386, 34.20623588562012, 34.21024298667908, 34.556819915771484, 34.2762930393219, 34.69148516654968, 34.52166199684143, 34.42699313163757, 34.61139988899231, 34.37371301651001, 34.31438112258911, 34.36852216720581, 34.60668706893921, 34.03919196128845, 33.50130796432495, 33.60286903381348, 33.449201822280884, 33.87310600280762, 33.697827100753784, 33.64339470863342, 33.622498989105225, 33.96945261955261, 33.87028408050537, 33.68687605857849, 33.89801383018494, 33.8170850276947, 34.007290840148926, 33.72507095336914, 34.7620689868927, 35.058281898498535, 34.683849811553955, 34.839028120040894, 34.495742082595825, 34.68148493766785, 34.759514808654785, 34.355721950531006, 34.38021779060364, 33.79660105705261, 33.386862993240356, 33.690853118896484, 33.76852297782898, 33.52580499649048, 33.90699791908264, 33.89758276939392, 33.71971392631531, 33.99287009239197, 33.63616585731506, 33.8857741355896, 33.53067231178284, 34.52797508239746, 34.89575409889221, 34.87620520591736, 34.67178916931152, 34.57299590110779, 34.78011918067932, 34.320857763290405, 34.64305305480957, 34.611010789871216, 34.23426795005798, 33.75102996826172, 33.43289613723755, 33.74722623825073, 33.43088889122009, 33.574445962905884, 33.53032112121582, 33.90084981918335, 34.06133794784546, 73.49505424499512, 29.8479061126709, 31.43585991859436, 31.306564807891846, 31.881973028182983, 32.505358934402466, 31.89548397064209, 32.74307417869568, 33.18146204948425, 33.252323150634766, 34.06349492073059, 34.55579996109009, 35.979740858078, 35.49352812767029, 35.05983591079712, 34.49742102622986, 34.10714602470398, 34.01944899559021, 33.9393949508667, 34.546424865722656, 34.49984526634216, 34.71498394012451, 34.39241981506348, 34.51969289779663, 34.79973030090332, 34.35682415962219, 34.579001665115356, 34.24993109703064, 34.39105010032654, 33.74112582206726, 33.67843985557556, 33.581615924835205, 33.41924500465393, 33.79349708557129, 33.53048396110535, 33.8879599571228, 33.70714592933655, 33.91514492034912, 33.93239402770996, 33.64318799972534, 33.88091802597046, 33.793875217437744, 34.42426800727844, 34.60753417015076, 35.09063792228699, 34.8804669380188, 34.49912786483765, 34.63252305984497, 34.400794982910156, 34.55235719680786, 33.850237131118774, 33.94968795776367, 33.62704110145569, 33.38795876502991, 33.79237699508667, 33.6446430683136, 33.9348521232605, 33.68078303337097, 33.8724479675293, 33.73509502410889, 33.892016887664795, 33.86176514625549, 33.574801206588745, 33.8695011138916, 33.72120904922485, 34.54032373428345, 34.64229726791382, 35.04556632041931, 34.90671515464783, 34.57218885421753, 34.6231529712677, 34.326977014541626, 34.76125693321228, 34.42846202850342, 33.69870901107788, 33.86773610115051, 33.703598976135254, 33.73967003822327, 33.63194394111633, 33.93561291694641, 33.607227087020874, 33.918559074401855, 33.92060208320618, 33.6765410900116, 33.67089080810547, 34.036049127578735, 34.06852889060974, 33.84026384353638, 34.13621711730957, 34.83649706840515, 34.82432270050049, 35.172544956207275, 34.97556829452515, 34.812978982925415, 34.42011284828186, 34.90819001197815, 34.38725996017456, 33.53066897392273, 33.65688896179199, 33.47257614135742, 33.752618074417114, 33.71827292442322, 34.007105112075806, 34.079466819763184, 33.832549810409546, 33.9574830532074, 33.695154905319214, 33.96287178993225, 33.69983100891113, 34.065484046936035, 33.69714593887329, 33.93982481956482, 33.9464750289917, 34.32872986793518, 34.952195167541504, 34.78960108757019, 17.278206825256348]}