{"train_loss": [1.7247609174872054], "val_loss": 1.6976420651140618, "val_accuracy": 0.5379206428930186, "batch_times": [29.642383813858032, 29.73393201828003, 29.599257707595825, 29.910228967666626, 29.539844036102295, 29.627623319625854, 29.568100690841675, 29.711133003234863, 29.537911891937256, 29.77474284172058, 29.591777086257935, 29.51832103729248, 29.651240825653076, 29.709049224853516, 29.45048427581787, 34.11108422279358, 33.10795998573303, 30.013422966003418, 30.02553391456604, 29.977401971817017, 29.777266025543213, 30.46260404586792, 29.629088163375854, 29.73408818244934, 29.53381109237671, 29.71252202987671, 29.479893922805786, 30.310457229614258, 31.708624124526978, 31.975459098815918, 30.97475576400757, 30.36711812019348, 30.769124746322632, 31.05671501159668, 30.53536891937256, 32.43225383758545, 31.702215909957886, 31.896340131759644, 33.445168018341064, 31.029302835464478, 30.669080018997192, 30.55963706970215, 30.50973892211914, 30.572470903396606, 30.75559902191162, 30.855503797531128, 30.434518098831177, 30.67520785331726, 30.673304796218872, 30.478036880493164, 30.418231964111328, 30.663908004760742, 30.666990995407104, 30.56664276123047, 30.653764009475708, 30.701238870620728, 30.560914993286133, 30.741111755371094, 30.80433201789856, 31.908538818359375, 31.3404700756073, 30.73667621612549, 30.604342937469482, 30.553682804107666, 30.73179006576538, 30.624452829360962, 30.8841552734375, 30.576048135757446, 30.840019941329956, 30.613778829574585, 30.610426902770996, 30.647191047668457, 30.687614917755127, 30.646113872528076, 30.76182508468628, 30.866464853286743, 30.83703923225403, 30.896906852722168, 31.063331127166748, 30.83882212638855, 30.74998688697815, 30.719226121902466, 30.729182958602905, 30.717015027999878, 30.791990995407104, 30.87254786491394, 30.99328088760376, 30.949169874191284, 31.004421949386597, 30.867859840393066, 31.13198184967041, 30.760555028915405, 30.802478790283203, 30.660319089889526, 30.674386978149414, 30.76308512687683, 30.901315689086914, 30.68322992324829, 30.751546144485474, 30.667465209960938, 30.69667911529541, 30.643204927444458, 30.880481004714966, 30.827598810195923, 30.915054082870483, 31.020676851272583, 30.70974087715149, 30.887027978897095, 31.04909586906433, 30.904114961624146, 30.84207010269165, 30.704408884048462, 30.83430814743042, 30.941680908203125, 30.922555923461914, 30.922736883163452, 30.94751000404358, 31.878056049346924, 31.03220295906067, 32.15612602233887, 31.06366205215454, 30.915143728256226, 30.895960807800293, 30.93194603919983, 30.957705974578857, 31.0710129737854, 31.037267208099365, 31.019774198532104, 30.704708099365234, 30.863677263259888, 30.778766870498657, 30.800941705703735, 30.836294889450073, 30.93371272087097, 30.848024129867554, 30.89546799659729, 31.056805849075317, 30.911518335342407, 30.970252990722656, 30.881956815719604, 30.777979135513306, 30.766213178634644, 30.681427240371704, 30.635797023773193, 31.703490018844604, 31.012654066085815, 31.01296591758728, 30.900073051452637, 30.850560903549194, 31.14392900466919, 31.01850986480713, 30.85726523399353, 30.863840103149414, 30.725309133529663, 30.83020806312561, 30.921754121780396, 30.899177074432373, 30.721111059188843, 30.87328004837036, 30.765716075897217, 31.861958980560303, 31.589345932006836, 31.185614109039307, 31.010594844818115, 30.891263961791992, 31.10407304763794, 32.01566791534424, 31.111254930496216, 30.976938009262085, 30.868712902069092, 30.761390924453735, 30.90987801551819, 31.076658964157104, 30.943547010421753, 30.635284900665283, 30.757954835891724, 30.487526893615723, 30.63222312927246, 30.726032257080078, 30.82081174850464, 30.611660957336426, 30.56516408920288, 30.685653924942017, 30.556976795196533, 30.51530170440674, 30.63370704650879, 30.7846200466156, 29.995973825454712, 29.696038961410522, 29.82821798324585, 29.715329885482788, 29.646984100341797, 29.64854884147644, 29.960129022598267, 29.84567880630493, 29.72668480873108, 29.649897813796997, 29.70302700996399, 29.824517965316772, 29.561853885650635, 29.661908864974976, 29.759207248687744, 29.65700674057007, 29.689168691635132, 30.07266902923584, 30.29204797744751, 30.343361616134644, 30.368942260742188, 30.545517206192017, 30.358213186264038, 30.62439799308777, 30.74565291404724, 30.563325881958008, 30.891000986099243, 30.81181311607361, 30.593974113464355, 30.325522899627686, 30.30013394355774, 30.241454124450684, 30.30307674407959, 30.26223087310791, 30.333283185958862, 30.2155179977417, 30.31622004508972, 30.409156799316406, 30.41138792037964, 30.312983989715576, 30.352669954299927, 30.30199885368347, 30.152766942977905, 30.10638403892517, 30.297916889190674, 30.12332010269165, 30.326305866241455, 30.23169207572937, 30.31346607208252, 30.30889105796814, 30.30999493598938, 30.329455852508545, 30.284806966781616, 30.303266048431396, 30.371113061904907, 30.365814924240112, 30.254127264022827, 30.695502996444702, 30.48643684387207, 31.116363048553467, 30.63402509689331, 30.84134292602539, 30.634242057800293, 30.703500986099243, 30.621803045272827, 30.746222019195557, 30.570369005203247, 30.80594301223755, 30.628262996673584, 30.545950889587402, 30.613553762435913, 30.565096139907837, 30.63920521736145, 30.646206855773926, 30.603122234344482, 37.065765142440796, 46.998894691467285, 46.36788296699524, 30.05597972869873, 30.600461721420288, 30.81141996383667, 30.91089701652527, 31.109735012054443, 31.08954906463623, 31.10707402229309, 31.244553804397583, 31.235581874847412, 31.305812120437622, 31.150275945663452, 31.175429821014404, 31.42018985748291, 31.54337501525879, 31.562709093093872, 31.611040115356445, 31.55402684211731, 31.875349044799805, 31.545726776123047, 31.465996026992798, 31.31700301170349, 31.228107929229736, 31.34415888786316, 31.334409952163696, 31.251670122146606, 31.639875173568726, 31.875985860824585, 31.49796414375305, 31.283393144607544, 31.271043300628662, 31.79727292060852, 37.356334924697876, 34.8846321105957, 32.6076819896698, 31.18202018737793, 32.58201503753662, 31.757559061050415, 31.599817037582397, 30.17510223388672, 30.135192155838013, 29.986167192459106, 29.97826099395752, 30.039841890335083, 30.160664081573486, 30.178054809570312, 30.228919982910156, 30.325063943862915, 29.981073141098022, 30.07107186317444, 30.037989139556885, 29.991780042648315, 30.038618087768555, 30.035009145736694, 29.952429056167603, 33.21103000640869, 31.42044687271118, 30.95923686027527, 31.056410789489746, 31.019747018814087, 30.96844172477722, 31.034882068634033, 15.020879030227661]}