{"train_loss": [2.320176588314547], "val_loss": 2.180133319442725, "val_accuracy": 0.3824711200401808, "batch_times": [33.40298581123352, 33.68485617637634, 33.393622159957886, 33.41076111793518, 33.393121004104614, 33.43184304237366, 33.35571908950806, 34.01687502861023, 34.452669858932495, 34.269752740859985, 34.53566002845764, 34.215275049209595, 34.1473388671875, 34.07808470726013, 33.708101987838745, 33.14437007904053, 33.01767706871033, 33.27924394607544, 33.27725577354431, 33.501927852630615, 33.37995791435242, 33.350643157958984, 33.36417198181152, 33.457993030548096, 33.3620080947876, 33.40713119506836, 33.468491077423096, 33.393271923065186, 33.734169244766235, 34.207767963409424, 34.29635405540466, 34.2363920211792, 36.87281394004822, 34.73473811149597, 34.13749313354492, 34.59544134140015, 34.17348027229309, 33.52724289894104, 33.18221998214722, 33.010051012039185, 33.25001788139343, 33.254546880722046, 33.40836191177368, 33.56078290939331, 33.89968514442444, 34.0032262802124, 33.73259902000427, 33.74234700202942, 33.622678995132446, 33.86360788345337, 33.65847897529602, 33.62651586532593, 33.73480987548828, 33.626089096069336, 33.804203033447266, 33.60803413391113, 33.71536684036255, 33.765305042266846, 33.879359006881714, 33.69316291809082, 33.74876689910889, 33.83653807640076, 33.64840316772461, 33.8939950466156, 33.64661383628845, 33.623825788497925, 33.57496500015259, 33.808724880218506, 33.72158622741699, 33.93481111526489, 33.76218390464783, 33.58914518356323, 33.79791617393494, 33.56820511817932, 33.6324520111084, 33.62010312080383, 33.756048917770386, 33.59847712516785, 33.63250708580017, 33.650261878967285, 33.669968128204346, 33.79928493499756, 33.587989807128906, 33.66901612281799, 33.627882957458496, 33.73568511009216, 33.815447092056274, 33.62545418739319, 33.62208676338196, 33.69252681732178, 33.77540922164917, 33.64526629447937, 33.69158887863159, 33.68271470069885, 33.806286096572876, 33.68394899368286, 33.597524881362915, 33.945533752441406, 33.728562355041504, 33.80822515487671, 33.669699907302856, 33.593120098114014, 33.65563082695007, 33.78763127326965, 33.64604616165161, 33.94437503814697, 33.802656173706055, 33.97081923484802, 33.93185520172119, 33.71772813796997, 33.71839213371277, 33.73229217529297, 33.80066108703613, 33.679301023483276, 33.67673587799072, 33.68433094024658, 33.826043128967285, 33.82819175720215, 33.615272998809814, 33.671337842941284, 33.73277711868286, 33.76985692977905, 33.681211948394775, 33.61802411079407, 33.64908504486084, 33.989039182662964, 33.70510387420654, 33.66610908508301, 33.66568207740784, 33.71835398674011, 33.689838886260986, 33.684712171554565, 33.666189670562744, 33.708900928497314, 33.92677927017212, 33.729461908340454, 33.67456078529358, 33.65455102920532, 33.65814280509949, 33.79806184768677, 33.644514083862305, 33.75222301483154, 33.90573191642761, 34.07596015930176, 33.73352909088135, 33.69705319404602, 33.621437311172485, 33.6800811290741, 33.731545209884644, 33.71550273895264, 33.64664101600647, 33.628830909729004, 33.82951498031616, 33.77580642700195, 33.64367198944092, 33.615869760513306, 33.79561901092529, 33.652113914489746, 33.628230810165405, 33.67439007759094, 33.77777695655823, 33.73764419555664, 33.73933005332947, 33.62369775772095, 33.681828022003174, 33.922504901885986, 33.72984504699707, 33.76305317878723, 33.66071915626526, 33.639137983322144, 33.695199966430664, 33.875159740448, 33.68710112571716, 33.657670736312866, 33.78519606590271, 33.629740953445435, 33.937448024749756, 33.64914083480835, 33.59446692466736, 33.695011138916016, 33.79181885719299, 33.59479308128357, 33.61381506919861, 33.71534299850464, 33.664857149124146, 33.62758111953735, 33.64188003540039, 33.6505069732666, 33.69632697105408, 33.884676933288574, 33.63745999336243, 33.66410803794861, 33.76347374916077, 33.62066674232483, 33.595056772232056, 33.6640100479126, 33.60368776321411, 33.63741111755371, 33.79944205284119, 33.693812131881714, 33.64273118972778, 33.74475288391113, 33.65315318107605, 33.63703513145447, 34.026346921920776, 33.624232053756714, 33.76050877571106, 33.947760820388794, 33.66155290603638, 33.700138092041016, 33.829577922821045, 33.694096326828, 33.95662498474121, 76.06273198127747, 29.411831855773926, 30.59550905227661, 30.777529001235962, 31.637387990951538, 31.996779203414917, 31.439642906188965, 31.7500159740448, 32.28473711013794, 32.24015498161316, 33.21193861961365, 34.35964107513428, 34.776323080062866, 34.29421520233154, 36.38063907623291, 34.89728784561157, 29.54497790336609, 29.528844118118286, 29.53239393234253, 29.509122848510742, 29.544102907180786, 29.484957933425903, 29.497463941574097, 29.50428009033203, 30.195037364959717, 29.50459313392639, 29.509464025497437, 29.56220507621765, 29.640121936798096, 29.683282136917114, 29.75343608856201, 29.66581416130066, 29.528831958770752, 29.53342318534851, 30.350939750671387, 29.653529167175293, 29.563515186309814, 29.511695861816406, 29.68439292907715, 29.63566493988037, 29.699222087860107, 29.500313758850098, 29.583539962768555, 29.600746154785156, 29.508868932724, 29.65234899520874, 29.513855934143066, 29.625550031661987, 29.611886978149414, 29.566882133483887, 29.634565830230713, 29.65748405456543, 29.612462997436523, 29.67345404624939, 29.58771514892578, 29.63755488395691, 29.69306206703186, 29.545713901519775, 29.507944345474243, 29.5993549823761, 29.68289589881897, 29.50281810760498, 29.531301975250244, 29.59282398223877, 29.65550208091736, 29.46212601661682, 29.523933172225952, 29.640170097351074, 29.497112035751343, 29.59978699684143, 29.553584098815918, 29.622782945632935, 29.566158056259155, 29.668360948562622, 29.580381155014038, 29.524970054626465, 29.555423974990845, 29.489288091659546, 29.710689067840576, 29.569488048553467, 29.578717947006226, 29.72876000404358, 29.66195273399353, 29.627835273742676, 29.555508852005005, 29.5781991481781, 29.56739616394043, 29.609387159347534, 29.511982679367065, 29.55455207824707, 29.461945056915283, 141.07704710960388, 29.364817142486572, 81.17958402633667, 29.28878903388977, 82.74493908882141, 82.13212609291077, 29.300807237625122, 76.20252704620361, 81.83706092834473, 29.336287021636963, 81.45558500289917, 29.286460876464844, 73.31616687774658, 70.10667586326599, 29.262748956680298, 71.92740893363953, 29.315173864364624, 29.43780207633972, 29.708733797073364, 33.18243193626404, 30.392135858535767, 31.420931816101074, 14.937230110168457]}