{"train_loss": [1.4760942089825193], "val_loss": 1.4951657795698852, "val_accuracy": 0.5848819688598694, "batch_times": [79.81902885437012, 83.87750887870789, 29.218130350112915, 80.19390201568604, 73.41786909103394, 29.51925492286682, 29.242538928985596, 29.526649951934814, 32.58995795249939, 30.74063992500305, 72.95165014266968, 29.286445140838623, 30.954307079315186, 31.524068117141724, 32.09717297554016, 31.24031400680542, 31.766116857528687, 31.462786197662354, 32.63757300376892, 32.1921226978302, 32.21497106552124, 32.16011905670166, 32.76490807533264, 32.03152370452881, 32.711448192596436, 33.02719283103943, 33.9210786819458, 34.392884969711304, 35.26899313926697, 34.99104905128479, 34.23900294303894, 34.77279210090637, 34.84418296813965, 34.47867298126221, 34.75151705741882, 34.90003681182861, 34.561594009399414, 33.99557709693909, 34.95970797538757, 35.254321813583374, 35.90797805786133, 35.43983197212219, 35.34798717498779, 34.96749520301819, 34.573137283325195, 34.85418701171875, 34.666396141052246, 34.950931787490845, 35.053492069244385, 34.7873113155365, 34.72672510147095, 34.97146701812744, 35.09061908721924, 34.964208126068115, 34.99247479438782, 34.911452770233154, 34.56383180618286, 34.66034293174744, 34.537951946258545, 34.9353768825531, 34.89039087295532, 35.06662392616272, 34.86474895477295, 34.32610607147217, 34.063029050827026, 33.5167121887207, 33.806538820266724, 33.633208990097046, 34.08990406990051, 34.866400957107544, 34.876102924346924, 34.98203992843628, 34.698192834854126, 34.91712784767151, 34.795329093933105, 34.51012110710144, 34.74304986000061, 34.666744232177734, 34.881754875183105, 34.833168029785156, 34.7838819026947, 34.773823976516724, 35.82599401473999, 35.20164680480957, 34.6615149974823, 34.686447858810425, 81.0127522945404, 29.551943063735962, 30.791244983673096, 31.43756413459778, 31.26842427253723, 31.32177996635437, 31.933640956878662, 32.44950008392334, 31.887399196624756, 33.73179292678833, 35.309460163116455, 35.65187096595764, 35.21923875808716, 34.94115710258484, 34.540947914123535, 35.056026220321655, 34.833418130874634, 35.28417897224426, 35.55115008354187, 35.22098994255066, 35.569923877716064, 34.71543908119202, 34.581204891204834, 34.06843376159668, 34.53560018539429, 34.29843497276306, 35.12801790237427, 34.94566774368286, 34.60823202133179, 34.728564977645874, 34.50738716125488, 37.439424991607666, 34.41352701187134, 34.80734705924988, 34.70237708091736, 34.64130902290344, 35.056506872177124, 34.82331991195679, 34.56622910499573, 34.488677978515625, 34.193182945251465, 33.9727098941803, 33.95872378349304, 34.47645592689514, 34.576616048812866, 30.486850023269653, 30.431424856185913, 30.394246339797974, 30.448957204818726, 30.49418807029724, 30.240375995635986, 30.3123881816864, 30.349670886993408, 30.51327109336853, 30.459748029708862, 30.618311882019043, 30.37296199798584, 30.555702686309814, 30.42961096763611, 30.402688026428223, 30.585938930511475, 30.49694800376892, 30.639737844467163, 30.866370916366577, 30.625635147094727, 30.707311153411865, 30.66144299507141, 30.532469987869263, 30.7191162109375, 30.55008625984192, 30.498175859451294, 30.67998719215393, 30.630053997039795, 30.793758869171143, 30.47311305999756, 30.58699607849121, 30.38978910446167, 30.47878909111023, 30.509236097335815, 30.664223194122314, 30.562793970108032, 30.638722896575928, 30.459048986434937, 31.191736936569214, 31.22475790977478, 31.088621139526367, 30.96158504486084, 30.961864948272705, 30.74339485168457, 30.62282919883728, 30.697082042694092, 30.8893940448761, 30.775864124298096, 30.64132308959961, 30.942606210708618, 30.81875777244568, 30.847208976745605, 30.849893808364868, 30.803685903549194, 30.68557906150818, 30.827489137649536, 30.883378267288208, 30.87286877632141, 30.784488916397095, 30.83412194252014, 31.023830890655518, 31.029105186462402, 37.079434871673584, 33.3867769241333, 31.377866983413696, 29.8158860206604, 29.98578190803528, 30.364885091781616, 34.157171964645386, 41.96336007118225, 33.91625094413757, 33.72015309333801, 31.253695011138916, 31.14737105369568, 33.6797890663147, 35.08954620361328, 32.760661125183105, 35.290239334106445, 35.84279489517212, 34.80130410194397, 33.32506012916565, 30.73199701309204, 30.330212116241455, 29.888700008392334, 30.80186176300049, 33.49730634689331, 31.328606367111206, 31.907275199890137, 33.19763779640198, 31.512946844100952, 32.45208978652954, 31.658406257629395, 33.585591077804565, 30.93404483795166, 31.817129850387573, 31.315568923950195, 32.296711921691895, 31.269484996795654, 32.55957317352295, 35.49309587478638, 33.96603274345398, 32.195358991622925, 30.489080905914307, 33.02198815345764, 33.78599500656128, 33.626587867736816, 31.688638925552368, 31.621220111846924, 32.95874309539795, 32.13939094543457, 37.54129505157471, 35.347939252853394, 32.573875188827515, 32.3364839553833, 33.48558592796326, 31.61821699142456, 30.59540891647339, 30.902074813842773, 31.91372799873352, 35.253803968429565, 32.94114422798157, 32.3359591960907, 30.992619037628174, 33.82326865196228, 33.95719814300537, 31.964340925216675, 31.438838005065918, 31.221590995788574, 31.393930912017822, 30.89035391807556, 32.4554488658905, 31.123646020889282, 30.87727689743042, 30.915709972381592, 30.846796989440918, 32.050978660583496, 30.95887804031372, 30.99516987800598, 30.921984910964966, 30.745079040527344, 30.86772108078003, 30.941566228866577, 38.22692608833313, 33.58941316604614, 33.289756059646606, 31.459278106689453, 32.523743867874146, 32.68524098396301, 34.45788836479187, 31.350849866867065, 30.007342100143433, 30.180750846862793, 30.043118238449097, 30.207815885543823, 29.948243856430054, 31.159276962280273, 31.868570804595947, 30.152009963989258, 30.0994610786438, 30.432650089263916, 30.15705394744873, 30.42976427078247, 29.922112703323364, 30.266613006591797, 29.942116260528564, 30.16827392578125, 30.036690950393677, 30.070472955703735, 30.006016731262207, 30.32247805595398, 30.11458683013916, 30.401667833328247, 30.111558198928833, 30.234200954437256, 30.175775051116943, 30.180845022201538, 30.1892249584198, 30.095955848693848, 29.956400871276855, 30.128623723983765, 30.224480152130127, 30.290234804153442, 30.4303240776062, 30.045212745666504, 30.3174409866333, 29.981194972991943, 30.080430030822754, 30.187010049819946, 29.849538803100586, 30.42861294746399, 30.009488821029663, 30.413403749465942, 30.113009929656982, 30.318670988082886, 29.977454662322998, 14.46835994720459]}