{"train_loss": [1.3503708774354362], "val_loss": 1.3952193914989783, "val_accuracy": 0.6012054244098443, "batch_times": [29.54875421524048, 29.441792011260986, 29.398679971694946, 29.650449991226196, 29.570971965789795, 29.615664958953857, 29.43836808204651, 29.592741012573242, 29.470510721206665, 29.43637704849243, 29.52888512611389, 29.448585033416748, 29.74031901359558, 29.358640909194946, 29.594266891479492, 29.37612295150757, 29.553333044052124, 29.4912531375885, 29.691545009613037, 29.542595863342285, 29.71289610862732, 29.437877893447876, 29.49109697341919, 29.662464141845703, 29.480753898620605, 29.56877112388611, 29.40486788749695, 29.667301177978516, 29.517874002456665, 29.551253080368042, 29.49536895751953, 29.472453117370605, 29.518204927444458, 29.409989833831787, 29.71627378463745, 29.399237155914307, 29.57090401649475, 29.506467819213867, 29.63880228996277, 29.445107221603394, 29.48931121826172, 29.406054973602295, 29.582204818725586, 29.406024932861328, 29.56661295890808, 29.346483945846558, 29.662671089172363, 29.410693168640137, 29.595174074172974, 29.465757131576538, 29.414671182632446, 29.491585731506348, 29.432828903198242, 29.588088989257812, 29.582950830459595, 29.50064778327942, 29.575806140899658, 29.499975204467773, 29.58623719215393, 29.465264081954956, 30.210179090499878, 29.62217092514038, 29.592094898223877, 29.539662837982178, 29.723576068878174, 29.534748077392578, 29.678518056869507, 29.587984800338745, 29.735766887664795, 29.63651204109192, 29.593575954437256, 29.69136881828308, 29.582292318344116, 29.625752210617065, 29.66049098968506, 29.659815073013306, 29.646766901016235, 29.66595697402954, 29.65627908706665, 30.096560955047607, 30.15295696258545, 29.749372005462646, 29.604944944381714, 29.79124617576599, 29.666611194610596, 29.538937091827393, 29.611422061920166, 29.78306818008423, 29.83866024017334, 29.92125701904297, 29.710391759872437, 29.764193058013916, 29.81596612930298, 29.832627058029175, 29.80907392501831, 29.689481019973755, 29.652302026748657, 29.69499683380127, 29.669582843780518, 29.727208852767944, 29.688223838806152, 29.727423191070557, 29.640137910842896, 29.58855414390564, 30.43002700805664, 31.505625009536743, 29.99876308441162, 29.876197814941406, 29.752893924713135, 29.867162942886353, 29.988993883132935, 30.08460283279419, 29.848548889160156, 30.172266960144043, 29.881919860839844, 30.175157070159912, 29.871675729751587, 30.172572135925293, 29.93333911895752, 29.929980993270874, 30.080621004104614, 30.167011976242065, 30.034464120864868, 30.013287782669067, 29.831719875335693, 30.147435903549194, 29.935685873031616, 29.94911003112793, 29.899861812591553, 30.23025918006897, 29.925420999526978, 29.944382905960083, 30.08133602142334, 30.100281953811646, 30.37199592590332, 29.981034994125366, 29.767744064331055, 29.93058204650879, 29.639761924743652, 29.83368706703186, 29.932947874069214, 29.737172842025757, 29.60982871055603, 29.70969796180725, 29.795387983322144, 32.81894612312317, 31.081379175186157, 31.40546202659607, 30.67535400390625, 30.932581901550293, 31.309817790985107, 31.059327125549316, 30.863969087600708, 30.811130046844482, 30.751210927963257, 31.113914012908936, 30.930520057678223, 30.907822847366333, 30.773369073867798, 30.84143304824829, 30.998430013656616, 31.173762798309326, 30.9041690826416, 31.131102085113525, 32.28069591522217, 31.496203899383545, 30.975317001342773, 30.869197130203247, 30.928900003433228, 30.850722789764404, 30.897724151611328, 30.8281991481781, 30.884103059768677, 30.795072078704834, 30.940880298614502, 30.88749098777771, 30.85984516143799, 30.93847393989563, 30.848737955093384, 30.89492392539978, 31.0496928691864, 30.89574670791626, 30.79461407661438, 30.97739291191101, 31.008426904678345, 30.768348932266235, 30.75538206100464, 30.79774308204651, 30.95118808746338, 30.899069786071777, 31.01421284675598, 30.871004104614258, 30.81255292892456, 30.996346712112427, 31.14942502975464, 31.186264038085938, 31.006526947021484, 30.90758490562439, 30.99632692337036, 30.96819305419922, 30.79301619529724, 30.927130937576294, 30.78381609916687, 30.898750066757202, 30.630341053009033, 30.631549835205078, 30.631181716918945, 30.727585077285767, 31.252863883972168, 31.0396511554718, 30.770132064819336, 30.782630681991577, 30.866482973098755, 31.00700092315674, 30.86031985282898, 31.145625829696655, 31.145481824874878, 31.301214933395386, 30.93836212158203, 31.176326990127563, 31.032639980316162, 31.07691216468811, 31.02591300010681, 31.024189949035645, 30.901956796646118, 30.967057943344116, 30.804665088653564, 31.336666107177734, 32.10043978691101, 30.937525749206543, 30.8084659576416, 30.781916856765747, 30.80308198928833, 30.939053773880005, 30.876349925994873, 30.932713747024536, 30.834892988204956, 30.89022994041443, 30.841553926467896, 30.765082120895386, 30.80967688560486, 30.84285807609558, 30.872522115707397, 30.79259419441223, 30.881717920303345, 30.78839898109436, 30.894015073776245, 30.87532615661621, 30.850813150405884, 30.705809116363525, 30.80241584777832, 30.76412296295166, 30.83187484741211, 30.727216958999634, 30.734403133392334, 30.84817886352539, 30.771119832992554, 30.82386088371277, 30.89438486099243, 30.775797843933105, 30.836673974990845, 31.17891216278076, 31.08327293395996, 30.896540880203247, 30.863795042037964, 30.702362060546875, 30.798429012298584, 31.176047801971436, 31.078973293304443, 30.927958965301514, 30.78823971748352, 30.822523832321167, 30.729012966156006, 30.917906999588013, 30.810528993606567, 30.80714511871338, 30.889511108398438, 31.108885049819946, 30.89052677154541, 30.930299997329712, 30.982469081878662, 31.12193775177002, 30.808256149291992, 30.985656023025513, 30.840078115463257, 30.849207878112793, 30.903774976730347, 31.04785704612732, 30.9001362323761, 30.90326499938965, 31.039623737335205, 30.844452142715454, 30.914502143859863, 30.889428853988647, 30.954587936401367, 30.974846124649048, 32.106910943984985, 33.39372897148132, 31.47846794128418, 31.11123490333557, 31.997119903564453, 31.554839849472046, 31.381092071533203, 33.33764672279358, 31.387938976287842, 32.01814889907837, 31.676476001739502, 31.637737035751343, 31.045435190200806, 31.257048845291138, 31.027193307876587, 30.99565601348877, 30.86577582359314, 31.165552854537964, 31.025423765182495, 31.288110971450806, 31.051682949066162, 31.012903928756714, 30.885602712631226, 31.060091257095337, 30.896270036697388, 30.708449840545654, 30.7945659160614, 30.925878047943115, 30.895570039749146, 31.00455617904663, 14.99272084236145]}