{"train_loss": [1.814873311493344], "val_loss": 1.7726091196596667, "val_accuracy": 0.5198392767453541, "batch_times": [33.759652853012085, 33.57833814620972, 34.2020058631897, 33.764917850494385, 33.87685513496399, 33.69608998298645, 33.65015172958374, 33.67211389541626, 33.72218608856201, 33.6901969909668, 33.59190821647644, 33.833942890167236, 33.62144207954407, 33.919140100479126, 33.75892901420593, 33.628121852874756, 33.64423489570618, 33.81955289840698, 33.63653612136841, 33.62970685958862, 33.78466987609863, 33.62160110473633, 33.92380690574646, 33.658616065979004, 33.611828088760376, 33.58114004135132, 33.70928621292114, 33.612804889678955, 33.60885310173035, 33.73424291610718, 33.90656805038452, 33.644142150878906, 33.618518114089966, 33.53647994995117, 33.59384298324585, 34.339590072631836, 33.654940128326416, 33.54670810699463, 33.754658222198486, 33.97831916809082, 33.71286582946777, 33.75560212135315, 33.8114652633667, 33.89247512817383, 34.1076397895813, 35.25642800331116, 33.87976288795471, 33.454630851745605, 33.4885356426239, 33.37798094749451, 33.3877899646759, 33.99015402793884, 34.24875617027283, 34.473923206329346, 34.24618721008301, 34.33463931083679, 34.148946046829224, 34.23158311843872, 34.148536920547485, 34.11373996734619, 34.04381084442139, 34.105711936950684, 34.018385887145996, 33.67110085487366, 33.20082902908325, 33.06860017776489, 33.502508878707886, 33.285130977630615, 33.41994500160217, 33.36519193649292, 33.33001971244812, 34.225295066833496, 33.35494780540466, 33.42601799964905, 33.63711500167847, 33.66305899620056, 33.485735177993774, 33.448798179626465, 33.95292687416077, 34.27556490898132, 34.24844002723694, 34.17627215385437, 34.61682200431824, 34.09457015991211, 34.277355909347534, 34.07771873474121, 33.84265494346619, 33.29373121261597, 33.108397006988525, 33.025532245635986, 33.150168895721436, 33.82835507392883, 33.52999925613403, 33.53340482711792, 33.31263995170593, 33.469435930252075, 33.82333588600159, 33.750033140182495, 34.77062106132507, 33.87311601638794, 33.64406490325928, 74.61040186882019, 29.39291214942932, 29.517355918884277, 31.328608989715576, 30.843134880065918, 31.710267066955566, 31.81363272666931, 31.774220943450928, 32.38136672973633, 32.44215202331543, 33.79201412200928, 34.5200731754303, 34.74480700492859, 35.0021607875824, 34.44794297218323, 34.02043390274048, 33.8308789730072, 33.13626503944397, 33.02146816253662, 33.31210279464722, 33.38604187965393, 33.45889902114868, 34.027421951293945, 33.44849610328674, 33.53250288963318, 33.83179593086243, 33.600898027420044, 34.720574140548706, 35.408961057662964, 33.50812578201294, 33.47106194496155, 34.19557499885559, 33.48845887184143, 33.89706015586853, 33.5145628452301, 34.0620641708374, 33.67667603492737, 33.708786964416504, 33.59145498275757, 34.590312004089355, 30.569406032562256, 30.633275985717773, 30.371912956237793, 30.24862003326416, 30.403268098831177, 29.682520151138306, 29.75311803817749, 69.96325302124023, 85.99252200126648, 29.320734977722168, 75.71258187294006, 29.244822025299072, 81.64475917816162, 78.80577278137207, 29.26493787765503, 73.68479418754578, 71.45432782173157, 29.342108964920044, 74.92307114601135, 52.7848699092865, 31.325697898864746, 29.20853304862976, 29.323887825012207, 68.68173694610596, 29.310083150863647, 75.17959189414978, 78.27898097038269, 29.213299989700317, 78.50285696983337, 76.17852091789246, 29.331389904022217, 80.1646580696106, 29.236032009124756, 77.98202872276306, 82.44936418533325, 29.216810941696167, 74.24828290939331, 74.90177321434021, 29.35866093635559, 72.28100609779358, 29.2775559425354, 29.26094102859497, 29.54632878303528, 31.15678906440735, 30.52077317237854, 30.890081882476807, 31.09666895866394, 31.399893045425415, 31.999000072479248, 31.719002723693848, 31.691844940185547, 31.57100200653076, 31.972681999206543, 32.24229383468628, 32.15005111694336, 31.8886821269989, 32.534790992736816, 32.01369380950928, 32.25473093986511, 32.386157751083374, 32.02557706832886, 32.815672874450684, 32.07724189758301, 31.91918182373047, 32.034310817718506, 32.229379177093506, 32.67607092857361, 32.617274045944214, 32.71550893783569, 33.5034658908844, 33.96709418296814, 33.38191628456116, 33.59624004364014, 33.191028118133545, 33.08562994003296, 32.86203217506409, 33.385668992996216, 34.176949977874756, 34.206706047058105, 34.27239418029785, 34.05574607849121, 34.100670337677, 33.90896725654602, 34.377771615982056, 33.717084884643555, 33.2878680229187, 33.23002290725708, 33.07245707511902, 33.406636238098145, 33.36831736564636, 33.61866307258606, 33.65754222869873, 33.32308506965637, 33.1685631275177, 33.38334012031555, 33.562758922576904, 33.38104486465454, 33.59011387825012, 33.338342905044556, 33.634092807769775, 33.27631878852844, 33.37782406806946, 33.27838373184204, 33.73826193809509, 33.595881938934326, 33.390042781829834, 32.678049087524414, 34.827731132507324, 36.00938296318054, 35.01457405090332, 33.63489508628845, 31.5153911113739, 31.163895845413208, 30.768898010253906, 30.57242488861084, 30.91263699531555, 30.78297996520996, 30.99679684638977, 31.23982286453247, 31.289034128189087, 31.312692165374756, 31.43341898918152, 31.034487009048462, 30.649919033050537, 30.85392999649048, 31.119641065597534, 32.64465117454529, 30.851011991500854, 31.714116096496582, 31.23057222366333, 31.544016122817993, 31.096079111099243, 31.46538281440735, 31.194679975509644, 30.86534571647644, 31.283405780792236, 30.599154949188232, 31.044841766357422, 31.774529933929443, 30.89922833442688, 31.137830018997192, 33.90024495124817, 31.52458691596985, 31.64686679840088, 31.40890908241272, 31.506804943084717, 31.274165868759155, 32.19457197189331, 31.66131591796875, 31.571043968200684, 31.341654062271118, 30.996349334716797, 31.244452238082886, 31.2833468914032, 31.923103094100952, 31.494709968566895, 31.28183388710022, 31.71706509590149, 30.846158981323242, 31.489826917648315, 31.397600173950195, 31.135826110839844, 31.07879376411438, 31.98877215385437, 31.94008207321167, 31.466991901397705, 32.38359189033508, 33.910776138305664, 31.534939765930176, 32.69210481643677, 31.074012994766235, 31.615965127944946, 29.949338912963867, 78.7591757774353, 29.754906177520752, 72.5038321018219, 91.00756812095642, 78.85372185707092, 29.243818998336792, 69.01579594612122, 29.23321032524109, 73.72160911560059, 84.77600121498108, 32.87096905708313, 31.58867621421814, 15.171576976776123]}