{"train_loss": [1.3646820351272821], "val_loss": 1.4068160215056604, "val_accuracy": 0.6004520341536916, "batch_times": [30.70868420600891, 30.80541205406189, 30.938124656677246, 30.878756046295166, 30.77564573287964, 30.621191263198853, 30.700021028518677, 30.579182863235474, 30.711857318878174, 30.67729687690735, 30.737905025482178, 30.664206981658936, 30.94086503982544, 30.648703813552856, 30.653101921081543, 30.656857013702393, 30.58950901031494, 30.533798933029175, 30.567440032958984, 30.481210231781006, 30.69723892211914, 30.54357409477234, 30.810224056243896, 30.646724224090576, 30.488312244415283, 30.58914303779602, 30.318290948867798, 30.41789197921753, 30.467968702316284, 30.370105028152466, 30.55498695373535, 30.750605821609497, 30.442239999771118, 30.51416301727295, 30.320593118667603, 30.207172870635986, 30.389063835144043, 30.292020082473755, 30.33333992958069, 30.435150146484375, 30.487539291381836, 30.642740964889526, 30.665266036987305, 30.552249908447266, 30.489904165267944, 30.598662853240967, 30.444777250289917, 30.303854942321777, 30.404136896133423, 30.363160848617554, 30.554030895233154, 30.505722999572754, 30.529900074005127, 30.383862018585205, 30.440725088119507, 30.392241954803467, 31.342525959014893, 30.790486812591553, 30.648913145065308, 30.61468505859375, 30.700175046920776, 30.641047954559326, 30.58304500579834, 30.383205890655518, 30.34187126159668, 30.524686098098755, 30.499158143997192, 30.44467830657959, 30.45232915878296, 30.46426010131836, 30.45479989051819, 30.491806983947754, 30.44825792312622, 30.536892890930176, 30.41663885116577, 30.384320974349976, 30.64807415008545, 30.511793851852417, 30.468154668807983, 31.320484161376953, 31.058250904083252, 30.625609874725342, 30.49608588218689, 30.472153902053833, 30.501477241516113, 30.539199829101562, 30.268203020095825, 30.43896508216858, 30.556145906448364, 30.832732915878296, 30.58821988105774, 30.49109387397766, 30.463729858398438, 30.3628990650177, 30.446597814559937, 30.317623138427734, 30.4061119556427, 30.385162115097046, 30.46913504600525, 31.17413878440857, 31.03065013885498, 31.16320300102234, 29.927093029022217, 29.902781009674072, 29.794939756393433, 29.949317932128906, 29.85457420349121, 29.615124225616455, 29.763270139694214, 29.997650146484375, 29.825562000274658, 29.917509078979492, 29.802224159240723, 29.735012769699097, 29.913087129592896, 29.759907245635986, 29.77255392074585, 30.038304805755615, 29.95656704902649, 30.07462191581726, 29.898357152938843, 29.86364507675171, 29.737980842590332, 29.699753999710083, 29.936947107315063, 30.004898071289062, 30.47939133644104, 29.864447116851807, 30.0328950881958, 29.972529888153076, 30.80363702774048, 30.06897211074829, 29.91501784324646, 29.84647011756897, 29.930577993392944, 29.828006744384766, 29.745493173599243, 29.78980588912964, 29.927754878997803, 30.020028829574585, 29.79321813583374, 29.860528230667114, 29.77973985671997, 29.799181938171387, 29.996721982955933, 29.995972156524658, 29.861494064331055, 29.900503873825073, 29.78616189956665, 29.943946838378906, 29.825942039489746, 29.84096908569336, 29.75983691215515, 29.73601508140564, 29.88532018661499, 29.873247385025024, 29.76519799232483, 29.712793111801147, 29.714526414871216, 30.00480604171753, 29.767343997955322, 30.195350885391235, 29.93704915046692, 29.939021110534668, 30.354143857955933, 29.80536913871765, 30.116164922714233, 29.89319610595703, 30.284111976623535, 30.37035894393921, 30.101675033569336, 29.781904697418213, 29.573326110839844, 29.91338539123535, 29.634663105010986, 29.826438903808594, 29.506866931915283, 29.796108961105347, 29.458663940429688, 29.822991847991943, 29.631438970565796, 29.73774003982544, 29.645827770233154, 29.526664972305298, 29.679065227508545, 29.584022760391235, 29.779430150985718, 29.68813419342041, 29.684417963027954, 29.663141012191772, 29.70833110809326, 29.593109130859375, 29.81201982498169, 29.396431922912598, 29.64236807823181, 29.954535007476807, 29.468969106674194, 29.701876163482666, 29.567748069763184, 29.76811695098877, 29.686203002929688, 29.665299892425537, 29.561119079589844, 29.81512975692749, 29.504858016967773, 29.64123511314392, 29.544116020202637, 30.793356895446777, 30.65985083580017, 30.614120960235596, 30.63253402709961, 30.581114053726196, 30.471300840377808, 30.707298040390015, 30.49410080909729, 30.82944631576538, 30.566799879074097, 30.835566997528076, 30.564025163650513, 30.649266958236694, 30.650348901748657, 30.23016595840454, 30.094616174697876, 30.146202087402344, 29.893613815307617, 29.918281078338623, 29.871962070465088, 30.349021911621094, 29.919004917144775, 30.256855010986328, 29.907482147216797, 30.010475158691406, 29.972954034805298, 29.921918869018555, 30.053640842437744, 29.75792384147644, 29.935465097427368, 29.871894121170044, 29.77586030960083, 29.918211936950684, 29.685760974884033, 29.890549659729004, 29.89568305015564, 29.844152688980103, 29.936944246292114, 29.718395948410034, 29.64881706237793, 29.77024793624878, 29.807897806167603, 29.750329971313477, 29.716525077819824, 29.82192301750183, 29.648126125335693, 29.80019998550415, 29.599703073501587, 29.771728038787842, 29.979576110839844, 29.988335132598877, 29.84004521369934, 29.818461894989014, 30.04729986190796, 29.988903760910034, 29.903573036193848, 29.98383617401123, 30.005477905273438, 29.93428683280945, 29.976070165634155, 29.869667291641235, 30.008247137069702, 29.96019721031189, 29.787072896957397, 29.70833683013916, 29.75104784965515, 29.6781108379364, 29.706552982330322, 29.76955819129944, 29.771986961364746, 29.95690083503723, 29.628737926483154, 29.742100954055786, 29.85511875152588, 29.93340802192688, 29.789429903030396, 29.885910034179688, 29.640594959259033, 29.753738164901733, 29.661040782928467, 29.74479103088379, 29.654627799987793, 29.89739489555359, 29.695698976516724, 29.893402814865112, 29.691494941711426, 29.92323613166809, 29.776787996292114, 29.64821982383728, 29.7133367061615, 29.919142246246338, 29.759555101394653, 29.93008589744568, 29.78571915626526, 29.85140109062195, 29.85148787498474, 29.795258045196533, 29.846338987350464, 29.884671926498413, 29.791064977645874, 29.733743906021118, 29.60930895805359, 29.693233966827393, 29.830302000045776, 29.783183097839355, 29.887671947479248, 29.707532167434692, 29.69971013069153, 29.72343111038208, 29.67107605934143, 29.982200145721436, 29.734444618225098, 29.828984260559082, 29.67219090461731, 29.945911169052124, 29.85065507888794, 29.787957906723022, 29.7386257648468, 29.899574041366577, 14.35765814781189]}