{"train_loss": [1.652763792687633], "val_loss": 1.6386507553070526, "val_accuracy": 0.5489703666499247, "batch_times": [32.305379152297974, 30.985464811325073, 30.08812403678894, 82.4893741607666, 29.440898180007935, 75.5636351108551, 69.73825979232788, 29.331714868545532, 143.60181188583374, 29.20418405532837, 72.63530588150024, 74.84602499008179, 29.24937391281128, 70.51087999343872, 74.09121680259705, 29.279968976974487, 80.1305251121521, 29.227539777755737, 74.98280501365662, 68.98047685623169, 29.300300121307373, 82.30311608314514, 83.80852794647217, 29.446537971496582, 29.31331515312195, 30.203678846359253, 31.13057589530945, 31.21278405189514, 31.86906909942627, 31.522339820861816, 32.131676197052, 32.34374213218689, 32.719765186309814, 31.65995192527771, 32.95081090927124, 33.54159593582153, 34.86131978034973, 35.28549885749817, 35.033833026885986, 34.75107526779175, 34.06484794616699, 34.106963872909546, 34.147533655166626, 34.338037967681885, 34.61668395996094, 34.239856243133545, 33.90686511993408, 33.52775287628174, 33.716779708862305, 33.53631520271301, 33.55048227310181, 33.55084800720215, 34.02214980125427, 34.024949073791504, 33.63625693321228, 33.941118240356445, 33.74978423118591, 33.5915641784668, 33.17575788497925, 33.21813082695007, 33.753159046173096, 34.67877674102783, 34.81481599807739, 34.337475061416626, 34.656445264816284, 34.227391958236694, 34.440234899520874, 34.21870279312134, 34.396130084991455, 34.2522029876709, 34.78652310371399, 34.49432015419006, 34.283382177352905, 34.52609205245972, 34.010156869888306, 33.245500802993774, 33.20553517341614, 33.18456292152405, 33.61109185218811, 33.65040898323059, 33.71498084068298, 33.41021108627319, 33.723551988601685, 33.58811593055725, 33.40517997741699, 34.02146291732788, 34.20384383201599, 34.65335011482239, 34.514334201812744, 34.59706425666809, 34.489924907684326, 34.26502180099487, 34.45742583274841, 34.14760184288025, 33.514296770095825, 33.20840001106262, 33.52473282814026, 33.51431393623352, 33.283949851989746, 33.64567184448242, 33.48070287704468, 33.643234968185425, 33.33722114562988, 33.850740909576416, 33.73110604286194, 33.82759499549866, 33.67947030067444, 33.443395137786865, 33.748191356658936, 34.07447695732117, 34.59128499031067, 34.45397925376892, 34.32032918930054, 34.27936005592346, 34.731306076049805, 34.60631799697876, 34.1084668636322, 34.268571853637695, 33.565590143203735, 33.42147397994995, 33.11016488075256, 33.173800230026245, 33.44465613365173, 33.668147802352905, 33.718886852264404, 33.32837915420532, 33.6369948387146, 33.4153790473938, 33.725733280181885, 34.04949402809143, 34.284804821014404, 34.612382888793945, 34.47860670089722, 34.562138080596924, 34.15805912017822, 34.572739124298096, 34.475817918777466, 33.92847013473511, 33.3681001663208, 33.07291293144226, 33.397114753723145, 33.470019817352295, 33.651612758636475, 33.574514865875244, 33.694612979888916, 33.67162585258484, 33.37460112571716, 33.38187098503113, 33.371039152145386, 33.81073880195618, 34.334996938705444, 34.759669065475464, 34.68042302131653, 34.365330934524536, 34.52940487861633, 34.18255591392517, 34.496379137039185, 33.8622989654541, 33.75670790672302, 33.54523015022278, 33.13366985321045, 33.52692198753357, 33.50546312332153, 33.696285009384155, 33.361881256103516, 33.76217317581177, 33.42089223861694, 33.78443098068237, 34.045204877853394, 34.100690841674805, 34.620383977890015, 34.475931882858276, 34.71721291542053, 34.440659046173096, 34.45005393028259, 34.119473934173584, 34.60219216346741, 34.485952854156494, 34.07694602012634, 34.61217498779297, 34.40257716178894, 34.52227282524109, 34.2144341468811, 33.700297117233276, 33.54776620864868, 33.2569522857666, 33.514122009277344, 33.3099901676178, 33.732795000076294, 33.8235809803009, 34.154329776763916, 34.463237047195435, 34.32733511924744, 34.5945930480957, 34.58851885795593, 34.5166380405426, 34.41210603713989, 34.32729411125183, 34.56016492843628, 34.31353998184204, 34.1939377784729, 34.18556594848633, 34.654273986816406, 34.58874201774597, 34.270180225372314, 33.90574312210083, 33.260082960128784, 33.33505320549011, 33.24406599998474, 36.381672859191895, 33.75334882736206, 33.94600987434387, 33.77180290222168, 73.77620506286621, 29.73129892349243, 30.590534925460815, 31.733588218688965, 31.109405279159546, 31.87344717979431, 32.01569700241089, 32.219818115234375, 33.143178939819336, 34.54552698135376, 35.7966251373291, 35.46082925796509, 35.423503160476685, 34.658206939697266, 34.363343954086304, 33.8084077835083, 34.43268418312073, 34.4653480052948, 34.31823420524597, 34.7086660861969, 34.22230887413025, 34.00106692314148, 33.399324893951416, 33.65879011154175, 33.6928391456604, 33.667906045913696, 33.91493511199951, 33.65708804130554, 33.878750801086426, 33.6279821395874, 33.95690298080444, 33.54699182510376, 33.91206693649292, 33.871707916259766, 33.55395197868347, 33.988991022109985, 33.98429298400879, 34.485620975494385, 33.89647698402405, 34.17952084541321, 33.69284200668335, 33.99238109588623, 33.99909782409668, 33.68969488143921, 34.041258811950684, 33.945971965789795, 33.9906849861145, 34.069594860076904, 33.64817810058594, 33.69980502128601, 34.046135902404785, 34.058165073394775, 33.68068504333496, 34.019378900527954, 34.32210302352905, 33.747089862823486, 34.19118905067444, 33.733081102371216, 33.70227098464966, 33.63187885284424, 33.99453592300415, 33.80193209648132, 34.23346924781799, 34.094170331954956, 33.712754011154175, 34.00389385223389, 33.76263666152954, 33.95309519767761, 33.667888879776, 33.9922251701355, 34.033851861953735, 33.9680540561676, 34.14858818054199, 33.768818855285645, 34.19708013534546, 33.732698917388916, 33.96814298629761, 33.980406045913696, 33.72606635093689, 33.71289134025574, 34.11941695213318, 34.140947103500366, 33.73470711708069, 34.12819194793701, 33.660764932632446, 33.99670886993408, 34.00551915168762, 33.69934797286987, 34.00434899330139, 33.97665596008301, 34.02267074584961, 33.7134850025177, 34.12526178359985, 33.58029580116272, 33.93759202957153, 34.004278898239136, 33.65263915061951, 33.997730016708374, 33.83482098579407, 33.934990882873535, 34.043534994125366, 33.60156798362732, 33.55499815940857, 34.32624888420105, 34.41386079788208, 34.215216875076294, 34.69366812705994, 34.839136600494385, 34.32010293006897, 34.79952096939087, 34.11223292350769, 33.69589185714722, 33.536521911621094, 16.340923070907593]}