{"train_loss": [1.5949125084212512], "val_loss": 1.5911927905366052, "val_accuracy": 0.5647915620291311, "batch_times": [33.76688289642334, 33.35270285606384, 33.7611038684845, 33.34752798080444, 33.64711403846741, 33.67765688896179, 33.26527214050293, 33.569448947906494, 33.527992963790894, 33.71746802330017, 33.35461616516113, 33.784416913986206, 33.95398497581482, 34.66189885139465, 34.63592886924744, 34.24704909324646, 34.18262028694153, 34.73752498626709, 34.2624351978302, 33.30139780044556, 33.568143129348755, 33.09083294868469, 33.4866099357605, 33.5779869556427, 33.289015769958496, 33.61743402481079, 33.65888595581055, 33.712729930877686, 33.35562229156494, 33.88748526573181, 33.343220949172974, 33.680776834487915, 33.642744064331055, 33.32240295410156, 33.41848015785217, 33.761258125305176, 33.63138031959534, 33.69522404670715, 36.12579679489136, 33.34331274032593, 33.99802494049072, 33.638094663619995, 33.354177951812744, 33.74060916900635, 33.44001626968384, 33.69891595840454, 33.771368980407715, 33.706692695617676, 33.70081686973572, 34.08244514465332, 34.522674322128296, 34.26750588417053, 34.28927683830261, 34.54477882385254, 34.11339807510376, 34.28340792655945, 33.33810496330261, 33.052839279174805, 33.50840997695923, 33.4631028175354, 33.49347281455994, 33.470134973526, 33.73923182487488, 33.4383909702301, 33.720688819885254, 33.402546882629395, 33.58239388465881, 33.28171396255493, 33.83799982070923, 33.69762325286865, 33.44042086601257, 33.78480792045593, 33.38273525238037, 33.77196741104126, 33.35213899612427, 33.30554509162903, 33.67236304283142, 33.62216401100159, 34.17441368103027, 34.444600105285645, 34.58957600593567, 34.33061695098877, 34.661402225494385, 34.288681983947754, 34.09617519378662, 34.169503927230835, 33.28078103065491, 33.35691022872925, 33.10597586631775, 33.57030487060547, 33.42259097099304, 33.671064138412476, 33.2558331489563, 33.585691928863525, 33.71528196334839, 33.36267590522766, 33.62846779823303, 33.43880772590637, 33.68088126182556, 33.29604196548462, 33.87190818786621, 33.714120864868164, 33.30397891998291, 33.617189168930054, 33.28990387916565, 33.289517879486084, 33.38538861274719, 33.66442513465881, 33.31599426269531, 33.73318004608154, 33.5909640789032, 33.585519790649414, 33.75322079658508, 33.83534789085388, 34.34702491760254, 78.85041618347168, 29.220789909362793, 29.498947143554688, 30.95043683052063, 31.156365156173706, 31.75949215888977, 32.01366710662842, 32.04747700691223, 32.336697816848755, 32.12847590446472, 33.37424397468567, 33.89806079864502, 34.654479026794434, 35.122178077697754, 35.19242715835571, 34.56203508377075, 33.826985120773315, 33.61312389373779, 33.49931812286377, 33.990177154541016, 33.846112966537476, 33.76806282997131, 33.81508135795593, 34.42259120941162, 34.28382682800293, 34.1473491191864, 34.376741886138916, 33.634960889816284, 33.497822999954224, 33.052107095718384, 33.083988904953, 33.38498306274414, 33.632344007492065, 33.581785917282104, 33.72580599784851, 33.61745595932007, 33.37189483642578, 33.38232493400574, 33.743752002716064, 33.29709005355835, 33.620826959609985, 33.4022262096405, 33.62558102607727, 33.424607038497925, 33.57808303833008, 33.44601225852966, 33.81867694854736, 33.28057909011841, 32.536669969558716, 31.31083083152771, 31.62325620651245, 31.89625597000122, 32.02905011177063, 32.099122047424316, 32.1302809715271, 32.22565793991089, 32.328097105026245, 32.52419400215149, 32.66746115684509, 33.05753684043884, 32.90828990936279, 33.11760687828064, 32.63112211227417, 32.89496302604675, 33.06261730194092, 32.73760914802551, 33.143982887268066, 35.63806200027466, 81.50060200691223, 29.272405862808228, 29.6245858669281, 31.31885576248169, 31.754462003707886, 32.02625393867493, 31.45966601371765, 32.06689977645874, 32.61279106140137, 33.57910513877869, 34.807502031326294, 35.707242012023926, 35.32682490348816, 35.0860550403595, 34.26638984680176, 33.79639983177185, 34.06543207168579, 33.23769688606262, 33.400007247924805, 33.42747116088867, 33.773937940597534, 33.83247494697571, 33.7898108959198, 33.61674904823303, 33.52674126625061, 33.89805507659912, 33.95104217529297, 34.391376972198486, 34.44529390335083, 34.559149980545044, 34.194292306900024, 34.195383071899414, 33.80311608314514, 33.21425724029541, 33.38123416900635, 33.421404123306274, 33.72638177871704, 33.67135000228882, 33.52253317832947, 33.75751185417175, 33.51049995422363, 33.37023591995239, 33.3665988445282, 33.708611249923706, 33.35627889633179, 33.815048933029175, 33.659120082855225, 33.44296717643738, 33.453145027160645, 33.39558386802673, 33.46906614303589, 33.33849120140076, 33.62779879570007, 33.6185359954834, 33.7974009513855, 33.66222810745239, 33.494561195373535, 33.830467224121094, 33.5032320022583, 33.38624715805054, 33.29487586021423, 33.71837282180786, 33.63216304779053, 33.438835859298706, 33.633524894714355, 33.607019901275635, 33.40091395378113, 35.577967166900635, 34.28012299537659, 33.363099098205566, 33.74249815940857, 33.70908284187317, 33.66756510734558, 33.70725107192993, 33.805307149887085, 33.8744261264801, 33.560242891311646, 33.69888877868652, 33.42692708969116, 33.80443477630615, 33.796364068984985, 33.7076530456543, 34.479438066482544, 34.5456268787384, 34.788442850112915, 34.45630192756653, 34.28423023223877, 34.28617310523987, 33.42532706260681, 33.50133419036865, 33.34271812438965, 33.58497500419617, 33.5437798500061, 33.92302417755127, 33.55941390991211, 33.41013813018799, 33.85032320022583, 33.45838212966919, 33.70207095146179, 33.53236126899719, 33.75127124786377, 33.85868000984192, 34.310468912124634, 33.79128813743591, 33.821582078933716, 34.071858167648315, 33.848894119262695, 34.107877016067505, 33.92624521255493, 34.17623996734619, 34.097625970840454, 34.147743940353394, 33.901785135269165, 33.78489422798157, 34.165343046188354, 33.90065908432007, 34.27521991729736, 33.871155977249146, 33.116875886917114, 32.9376380443573, 33.25690698623657, 32.968222856521606, 32.99128317832947, 33.28791904449463, 33.22886610031128, 34.2554190158844, 34.55908393859863, 34.06415581703186, 34.16187596321106, 33.782334089279175, 33.750028133392334, 33.6796817779541, 34.140021085739136, 34.02034401893616, 33.84145784378052, 34.01576089859009, 33.8974928855896, 33.88124704360962, 34.24767303466797, 33.77837896347046, 33.170435190200806, 33.20318913459778, 33.070667028427124, 15.881407976150513]}