{"train_loss": [1.4475264859563983], "val_loss": 1.4713194200583914, "val_accuracy": 0.5886489201406329, "batch_times": [30.049941062927246, 30.310497999191284, 29.976598978042603, 30.221057653427124, 30.000041007995605, 30.10160803794861, 30.067091941833496, 30.450114965438843, 30.13205575942993, 30.29911708831787, 30.017150163650513, 30.201419830322266, 29.93607807159424, 30.163462162017822, 30.022866249084473, 30.050665378570557, 29.89249587059021, 30.373575925827026, 29.925295114517212, 30.1250319480896, 30.204914808273315, 30.164937019348145, 30.308529138565063, 30.136619806289673, 30.13041591644287, 29.858930349349976, 30.297183990478516, 30.13623285293579, 30.03746271133423, 29.9286630153656, 29.838491916656494, 29.89122986793518, 29.828049898147583, 29.837764263153076, 29.69292712211609, 29.714237213134766, 32.99709892272949, 32.4019718170166, 31.601130962371826, 31.096225023269653, 30.70967435836792, 30.982006072998047, 30.82069420814514, 30.739442110061646, 30.720399856567383, 32.74290108680725, 31.660531044006348, 31.033469200134277, 30.860764026641846, 30.921481370925903, 30.94038724899292, 30.891742944717407, 30.892594814300537, 31.03622603416443, 30.92802095413208, 31.02173900604248, 31.053789854049683, 30.840692043304443, 30.93878197669983, 30.86871886253357, 30.859532117843628, 31.048757076263428, 30.99408507347107, 30.933781147003174, 30.96519184112549, 30.934887886047363, 31.156852960586548, 30.947086095809937, 31.12832283973694, 30.966231107711792, 31.01163101196289, 30.949073791503906, 30.7747220993042, 31.016472101211548, 30.783271074295044, 30.90848207473755, 30.96354103088379, 30.805492162704468, 30.999467134475708, 30.762179136276245, 30.933078050613403, 30.950112104415894, 30.958942890167236, 32.71684408187866, 31.863549947738647, 31.163877725601196, 31.000677824020386, 31.14296793937683, 30.89685297012329, 31.190290927886963, 31.042738914489746, 31.237571001052856, 31.0019588470459, 31.055540084838867, 31.166813850402832, 31.08060073852539, 30.833585023880005, 31.15431809425354, 30.880618810653687, 30.962022304534912, 31.01136589050293, 30.935471773147583, 30.84811496734619, 31.083516836166382, 30.99291181564331, 30.882122039794922, 30.817478895187378, 31.671874046325684, 31.9437358379364, 31.12280511856079, 30.94004797935486, 30.97708511352539, 30.898640155792236, 30.969001054763794, 31.05481219291687, 31.016454935073853, 30.9006028175354, 30.99543786048889, 30.935546159744263, 30.934948921203613, 30.832571744918823, 30.963767051696777, 30.912006855010986, 30.889940977096558, 31.074575901031494, 30.853315114974976, 31.00326418876648, 30.860654830932617, 30.797534942626953, 31.253238201141357, 31.147796869277954, 30.95231008529663, 30.933861255645752, 30.926356315612793, 30.980981826782227, 30.932615041732788, 31.03516387939453, 30.930047035217285, 31.075581789016724, 30.92732000350952, 31.00592827796936, 31.024644136428833, 30.903361082077026, 31.016316175460815, 30.865031957626343, 31.119046926498413, 31.02899479866028, 31.033041954040527, 31.092050790786743, 31.207908153533936, 31.041716814041138, 31.01581311225891, 30.919233798980713, 30.980215072631836, 31.092864990234375, 31.022666931152344, 30.883984088897705, 30.73000979423523, 30.73249387741089, 30.74326992034912, 30.725115060806274, 30.615242958068848, 30.57275700569153, 30.84702205657959, 30.760581731796265, 30.71398401260376, 30.827533721923828, 32.17646408081055, 33.47595810890198, 30.990421533584595, 31.232922077178955, 31.127042055130005, 31.174337148666382, 31.314080953598022, 37.77878189086914, 32.20270800590515, 30.81294584274292, 32.51174592971802, 31.79533886909485, 30.556959867477417, 30.451735973358154, 30.369412183761597, 30.582934856414795, 30.697733163833618, 32.5712788105011, 36.88108587265015, 32.1779568195343, 33.056402921676636, 31.26040482521057, 32.256592988967896, 29.966544151306152, 30.143433332443237, 36.673158168792725, 33.73078489303589, 35.30889296531677, 32.44785404205322, 32.180562257766724, 33.63860201835632, 33.55758810043335, 35.23135304450989, 33.18953013420105, 30.699276208877563, 32.049203872680664, 31.51485800743103, 31.723946809768677, 31.19782829284668, 36.055712938308716, 37.60051465034485, 31.340535163879395, 31.672769784927368, 32.257660150527954, 31.441538095474243, 32.481717109680176, 34.14347004890442, 31.423017263412476, 31.90726590156555, 30.867375135421753, 32.07494878768921, 31.619812726974487, 32.297229051589966, 31.592447996139526, 32.870383977890015, 31.392032861709595, 30.4884831905365, 42.55395007133484, 36.6201651096344, 30.381924867630005, 32.2016339302063, 31.387855052947998, 31.011931896209717, 31.489092111587524, 31.13502287864685, 31.52946400642395, 31.472788333892822, 34.614611864089966, 30.506316900253296, 30.161813020706177, 30.072869062423706, 29.997039794921875, 36.12050414085388, 33.31472206115723, 32.3280131816864, 32.64079165458679, 32.28609013557434, 30.792134046554565, 29.941608905792236, 29.816540002822876, 30.65388798713684, 31.337564945220947, 31.381449937820435, 31.723466873168945, 32.28969192504883, 31.317414045333862, 31.048145055770874, 31.075523138046265, 31.49211072921753, 33.423239946365356, 31.871576070785522, 33.38396978378296, 31.04136300086975, 32.08039689064026, 30.8145170211792, 30.827279090881348, 32.84774589538574, 33.445789098739624, 29.86186718940735, 29.894400119781494, 78.46199917793274, 105.1330258846283, 79.47849869728088, 69.89530277252197, 29.21629500389099, 76.50188899040222, 70.4745090007782, 29.233397960662842, 84.64264392852783, 68.28604388237, 29.333852767944336, 71.84474492073059, 29.220894813537598, 78.80225586891174, 73.06190586090088, 29.22500514984131, 68.91933178901672, 29.301787853240967, 29.840604305267334, 31.448243141174316, 31.410675287246704, 31.987784385681152, 32.38680601119995, 31.950856924057007, 32.509772062301636, 32.112645864486694, 32.660563945770264, 32.593435764312744, 33.05090594291687, 34.03678297996521, 34.628662109375, 35.1476149559021, 34.50748300552368, 34.38852906227112, 33.934502840042114, 34.249107122421265, 34.61947822570801, 34.73203492164612, 35.206990003585815, 34.52362275123596, 34.67646408081055, 34.54037809371948, 34.916630029678345, 34.77774000167847, 35.03088927268982, 34.858193159103394, 34.880882024765015, 34.838802099227905, 34.559797048568726, 35.10905694961548, 35.074947118759155, 34.7129430770874, 35.12486672401428, 34.91572117805481, 35.11968684196472, 34.97363877296448, 34.56112575531006, 35.04892921447754, 34.7093231678009, 17.0521399974823]}