{"train_loss": [2.0905626527230337], "val_loss": 1.9982486087092879, "val_accuracy": 0.4326971371170266, "batch_times": [34.40416407585144, 34.28704214096069, 34.23732399940491, 34.35218095779419, 34.08945178985596, 34.08706092834473, 34.174468994140625, 34.05894422531128, 33.45654296875, 33.33795475959778, 33.1627471446991, 33.14468312263489, 33.36931920051575, 33.35941290855408, 33.270241022109985, 33.255820989608765, 33.301629066467285, 33.259941816329956, 33.504782915115356, 33.67950105667114, 33.44472622871399, 33.364903926849365, 33.78343677520752, 34.04728293418884, 34.30466103553772, 34.246893882751465, 34.174418926239014, 34.371214866638184, 34.08798789978027, 34.14329385757446, 34.01009678840637, 34.21114802360535, 33.92936611175537, 33.349169969558716, 33.085951805114746, 33.00454616546631, 33.256489992141724, 33.22852921485901, 33.337401151657104, 33.249114990234375, 33.25870323181152, 33.24633193016052, 33.61449909210205, 33.71437692642212, 33.68916296958923, 33.75234508514404, 34.011998414993286, 34.02802920341492, 33.69513273239136, 33.7009117603302, 33.58391094207764, 33.30251598358154, 33.13169002532959, 33.19327998161316, 34.01203489303589, 34.47710299491882, 34.3325891494751, 34.43927621841431, 34.23278522491455, 34.17786502838135, 34.14701819419861, 34.06040620803833, 34.114174127578735, 34.23555517196655, 34.09565496444702, 34.075506925582886, 34.230010986328125, 34.168591260910034, 34.034255027770996, 34.003101110458374, 34.091689109802246, 34.27772402763367, 36.89325189590454, 34.11663317680359, 34.04355978965759, 34.17981290817261, 34.19012928009033, 34.10959601402283, 34.13203406333923, 34.08585286140442, 34.44850516319275, 34.24911308288574, 34.14837694168091, 34.01075720787048, 34.207279205322266, 34.153504848480225, 34.051623821258545, 34.1157808303833, 34.10701298713684, 34.05411195755005, 33.58997702598572, 33.94946813583374, 33.69023585319519, 33.52162003517151, 33.629520893096924, 33.5780770778656, 33.57308220863342, 33.66246509552002, 34.14347720146179, 34.534343957901, 34.86266613006592, 34.508203983306885, 34.047515869140625, 34.09148383140564, 34.009037017822266, 34.02721905708313, 34.07174801826477, 34.232308864593506, 34.1434428691864, 34.09544897079468, 34.20179605484009, 34.10412621498108, 34.198153018951416, 34.08305096626282, 34.11814498901367, 34.268446922302246, 34.17665386199951, 34.13115382194519, 34.056645154953, 34.323161125183105, 34.06121611595154, 34.201858043670654, 34.10345697402954, 34.04826903343201, 34.12806296348572, 34.378008127212524, 34.164589166641235, 34.06568503379822, 34.18859910964966, 34.230915784835815, 34.12435984611511, 34.166504859924316, 34.110931158065796, 34.33179521560669, 33.90146493911743, 33.54700589179993, 33.46641421318054, 33.49345111846924, 35.60659217834473, 31.053181886672974, 31.124254941940308, 30.340949058532715, 75.71838188171387, 29.325061082839966, 81.78965902328491, 69.26052784919739, 29.289597988128662, 75.59470391273499, 29.56036901473999, 77.02334690093994, 84.06713795661926, 29.221281051635742, 82.14949297904968, 79.30661988258362, 29.390546798706055, 77.94148564338684, 82.98029899597168, 29.268933057785034, 29.21978783607483, 29.71462607383728, 32.12605810165405, 31.290512084960938, 31.531834840774536, 31.809144020080566, 31.84079384803772, 31.691440105438232, 32.11681795120239, 32.265913009643555, 32.33921194076538, 31.891224145889282, 31.993824005126953, 31.689584016799927, 32.381799936294556, 32.89633297920227, 33.37459397315979, 34.11435008049011, 34.11628603935242, 34.406699895858765, 34.01568794250488, 33.82585906982422, 33.6017951965332, 33.517640829086304, 33.65243887901306, 33.3589301109314, 34.020010232925415, 34.28940987586975, 34.39419198036194, 34.319798946380615, 33.991557121276855, 33.985321283340454, 33.82402420043945, 34.049237966537476, 33.93420171737671, 34.416141986846924, 33.945598125457764, 33.93307399749756, 34.00555896759033, 34.71857523918152, 35.36829710006714, 35.02030897140503, 35.468250036239624, 34.739646196365356, 35.02863907814026, 34.524219036102295, 33.84986686706543, 33.722830057144165, 33.95943093299866, 34.22887301445007, 34.14132571220398, 34.286972999572754, 34.14289903640747, 34.22226905822754, 34.04976797103882, 33.64697790145874, 33.47203207015991, 33.3884859085083, 34.04077982902527, 31.08044695854187, 29.780252933502197, 29.490823984146118, 30.331013917922974, 29.49760603904724, 81.7052321434021, 67.63630509376526, 29.409348011016846, 69.15703296661377, 72.52327799797058, 29.290469884872437, 72.61947679519653, 29.297606945037842, 74.09042096138, 73.59627914428711, 29.27393102645874, 76.2319118976593, 75.92321300506592, 29.24495577812195, 73.29842972755432, 29.481707096099854, 29.232468128204346, 71.1291229724884, 67.89529013633728, 29.246102809906006, 80.64129376411438, 72.16757392883301, 29.29256296157837, 31.995381116867065, 33.08599519729614, 30.466968059539795, 30.83642816543579, 31.836439847946167, 34.00098991394043, 32.219833850860596, 33.815617084503174, 33.34706497192383, 31.285495042800903, 32.494450092315674, 31.83686089515686, 31.309497117996216, 31.166134119033813, 31.944899082183838, 32.10296702384949, 32.42076587677002, 31.1052029132843, 33.142171144485474, 31.376767873764038, 31.806813955307007, 31.731976985931396, 31.44649910926819, 31.520426988601685, 31.125046968460083, 31.178581953048706, 33.26203513145447, 30.351517915725708, 33.47171878814697, 31.57802987098694, 32.249119997024536, 31.708898067474365, 33.002220153808594, 31.14267611503601, 30.884535789489746, 31.648653984069824, 32.354689836502075, 32.171168088912964, 30.8282630443573, 31.38280487060547, 31.411489009857178, 33.746525049209595, 30.758473873138428, 31.08958101272583, 30.844971895217896, 30.429590940475464, 30.515242099761963, 30.84510326385498, 30.387603282928467, 30.531817197799683, 30.635801076889038, 30.44631314277649, 30.335432291030884, 30.454759120941162, 31.11874508857727, 31.08480215072632, 31.042906761169434, 33.393669843673706, 31.453660011291504, 31.149867057800293, 31.41532588005066, 30.549036026000977, 30.810433864593506, 30.28259587287903, 30.695021867752075, 30.630141258239746, 32.174851179122925, 31.366249084472656, 33.83112120628357, 30.774698972702026, 30.66139006614685, 31.154510021209717, 30.72617793083191, 31.040339946746826, 30.978182077407837, 31.068161964416504, 31.380450010299683, 30.768942832946777, 30.2675461769104, 30.20371389389038, 30.131075859069824, 15.294573068618774]}