{"train_loss": [1.3819550704396097], "val_loss": 1.4198361435417142, "val_accuracy": 0.5976896032144651, "batch_times": [33.87342691421509, 33.82236099243164, 33.35915493965149, 33.731441020965576, 33.17677593231201, 33.629900217056274, 33.59340500831604, 33.82110095024109, 34.47341823577881, 34.277068853378296, 33.7987859249115, 33.9126501083374, 33.571812868118286, 33.86252188682556, 33.782057762145996, 34.04619216918945, 33.68966317176819, 34.005128383636475, 34.14690399169922, 33.74787211418152, 34.89232015609741, 35.67891597747803, 34.07587385177612, 33.92141103744507, 34.282585859298706, 34.16443109512329, 33.76909685134888, 33.90567994117737, 34.09835600852966, 34.19814205169678, 34.0524468421936, 34.237415075302124, 34.29524612426758, 34.4149329662323, 34.26064205169678, 33.98985505104065, 34.32049298286438, 33.89003396034241, 34.265745878219604, 33.86367392539978, 34.18479800224304, 34.29098320007324, 34.06002163887024, 34.21476721763611, 33.958048820495605, 34.24105906486511, 34.28984880447388, 34.03379511833191, 33.991167068481445, 34.22041201591492, 34.19363284111023, 34.107990980148315, 33.90150690078735, 33.79454016685486, 33.513031005859375, 33.6967830657959, 33.43903374671936, 33.42627811431885, 33.755348920822144, 33.76857900619507, 33.516318798065186, 33.69399309158325, 33.444308280944824, 33.749911069869995, 33.801867961883545, 33.71374320983887, 33.45491576194763, 33.886049032211304, 33.84955811500549, 33.831578969955444, 34.18759083747864, 34.83513402938843, 34.52329993247986, 34.75782895088196, 34.4132399559021, 34.55537009239197, 34.454789876937866, 34.03495717048645, 33.6766631603241, 33.35965323448181, 33.42440414428711, 33.64743423461914, 33.746403217315674, 33.42385911941528, 33.71030569076538, 33.68400597572327, 33.53081011772156, 33.750149726867676, 33.50336003303528, 33.858537912368774, 31.38387703895569, 74.85864090919495, 71.64612579345703, 29.49077820777893, 73.94756889343262, 29.230273723602295, 84.6435329914093, 71.25656604766846, 29.31549096107483, 72.43002104759216, 78.63009095191956, 29.426012754440308, 72.5632712841034, 29.210529804229736, 70.669762134552, 82.05655002593994, 29.347280025482178, 72.91331481933594, 29.19357681274414, 29.61556601524353, 30.486476182937622, 31.57797908782959, 31.54089903831482, 31.510390043258667, 32.244324922561646, 31.970224857330322, 31.767478942871094, 32.00670623779297, 31.657175064086914, 32.24483609199524, 32.506686210632324, 31.772375106811523, 32.11248707771301, 32.45445799827576, 32.5474910736084, 31.777222871780396, 32.71035718917847, 32.43461084365845, 33.144017934799194, 33.3575758934021, 34.3064169883728, 34.34930896759033, 33.96182107925415, 33.53577899932861, 33.30122184753418, 33.46363091468811, 33.8834171295166, 33.692044734954834, 33.39954090118408, 33.404998779296875, 34.15067219734192, 34.68429899215698, 34.28331995010376, 34.50688624382019, 34.636430978775024, 34.410638093948364, 34.27830505371094, 34.494895935058594, 34.17528486251831, 34.48717784881592, 33.843751192092896, 33.31538105010986, 33.46338701248169, 33.607775926589966, 33.625937938690186, 33.37084484100342, 33.801905155181885, 33.43864107131958, 33.74511909484863, 33.528311014175415, 33.88207292556763, 34.5707311630249, 34.91644883155823, 34.789252042770386, 33.91200304031372, 34.05686402320862, 33.78432297706604, 34.20540523529053, 34.07226490974426, 33.95486521720886, 34.544536113739014, 33.841728925704956, 33.62924289703369, 33.558115005493164, 34.444401264190674, 34.633079051971436, 34.5668728351593, 34.52317214012146, 34.2449209690094, 34.33592510223389, 34.96164584159851, 34.63203501701355, 34.477975845336914, 34.24344182014465, 76.08027386665344, 29.21385908126831, 30.89603567123413, 31.49061393737793, 31.027784824371338, 31.794588804244995, 32.26551699638367, 32.61127591133118, 32.253119230270386, 32.889925956726074, 34.2298150062561, 35.77203106880188, 36.157455921173096, 35.398770809173584, 34.79645895957947, 34.96171188354492, 34.24917006492615, 34.051223039627075, 33.7228798866272, 33.67752695083618, 33.83367395401001, 34.21697783470154, 34.2938928604126, 34.18352007865906, 34.47609090805054, 34.46914291381836, 34.18698501586914, 34.678075075149536, 34.17635107040405, 36.3101532459259, 35.19511914253235, 35.52841401100159, 35.659406661987305, 35.27965807914734, 36.13180494308472, 37.60396695137024, 35.24633979797363, 35.151304960250854, 35.7136766910553, 32.335782051086426, 30.758461952209473, 88.92595791816711, 121.72170281410217, 158.63648295402527, 123.92177891731262, 170.3532998561859, 123.31009888648987, 178.93144965171814, 127.69852709770203, 119.31450295448303, 174.1665699481964, 110.79725289344788, 185.2016041278839, 78.49640583992004, 73.2343122959137, 181.88509106636047, 120.5246160030365, 121.47675085067749, 162.39007592201233, 126.40254211425781, 167.3865578174591, 137.09149980545044, 122.39861917495728, 165.17132425308228, 114.64018392562866, 168.01028609275818, 128.59696412086487, 114.43387699127197, 174.0393888950348, 124.67516016960144, 162.4030430316925, 133.29126071929932, 120.31162285804749, 132.84056401252747, 164.42249488830566, 130.50500297546387, 130.11623787879944, 161.30662298202515, 133.59245324134827, 133.48154091835022, 158.83695793151855, 125.6140468120575, 139.19793391227722, 131.20856499671936, 171.44089913368225, 122.19588565826416, 126.90693306922913, 184.80060577392578, 121.91215205192566, 32.89402508735657, 33.35077929496765, 29.525426149368286, 29.532032012939453, 29.303277730941772, 29.5793399810791, 30.297348737716675, 29.80101203918457, 29.433704137802124, 29.758599281311035, 29.616867065429688, 29.583998918533325, 30.18182110786438, 33.01987910270691, 30.192077159881592, 29.496150970458984, 29.942083835601807, 29.89195990562439, 29.44869303703308, 29.620943069458008, 29.876452922821045, 29.859665870666504, 29.657676935195923, 29.949976921081543, 81.70404076576233, 76.28626012802124, 29.28987407684326, 77.96515321731567, 80.20552706718445, 29.54450511932373, 72.85376000404358, 29.317662000656128, 71.65861415863037, 54.120256662368774, 32.57279992103577, 32.23487901687622, 29.97639799118042, 29.794086933135986, 29.772939682006836, 29.971310138702393, 29.9353289604187, 29.917598009109497, 30.94411325454712, 30.608017206192017, 30.213581800460815, 30.091546058654785, 30.089261054992676, 29.990822076797485, 29.996490001678467, 30.033130884170532, 30.089228868484497, 30.154030084609985, 30.282156944274902, 14.739320755004883]}